Week,Month,Day,Time,Year,Model,Market,Factors,ExpName[i],Alpha,card(tot_iis_indices),Price,TSS,TCS,TPF,MV,CSL,CSLM,CSUM,CSH,PL,PLM,PUM,PH,g[1],g[2],g[3],g[4],g[5],g[6],g[7],g[8],g[9],g[10],g[11],g[12],g[13],g[14],g[15],g[16],g[17],g[18],g[19],g[20],g[21],g[22],g[23],g[24],g[25],g[26],g[27],g[28],g[29],g[30],g[31],g[32],g[33],g[34],g[35],g[36],g[37],g[38],g[39],g[40],g[41],g[42],g[43],g[44],g[45],g[46],g[47],g[48],g[49],g[50],g[51],g[52],Prod,Cos
Fri,May,1,0.60275463,2020,Benchmark,4,1,Test_m4_ul1.0_uh1.1_i1.1_-1-1_e1.dat,1,0,Average,17048871309,7644759269,8925272698,33905250113,814502349.3,2265609729,2071906928,2492740262,1265123629,3578136689,3222408236,2868163727,0,0,0,0,1,0,0,0,1,0,1,0,0,0,1,1,0,0,1,0,1,1,0,0,1,1,1,1,1,1,1,0,1,1,1,1,1,1,1,1,0,0,0,1,0,0,1,0,1,1,1,1,,
Fri,May,1,0.602858796,2020,Benchmark,4,1,Test_m4_ul1.0_uh1.1_i1.1_-1-1_e2.dat,1,0,Average,16966910934,7415023856,8785127090,33651285403,729748912.7,2139736509,2071579175,2473959259,1077119302,3681063212,3330188055,2858013617,0,0,0,0,1,0,0,0,1,0,1,0,0,0,0,0,1,1,1,0,1,1,0,0,1,1,1,1,1,1,1,0,1,1,1,1,1,1,1,1,0,0,0,1,0,0,1,0,1,1,1,1,,
Fri,May,1,0.602974537,2020,Benchmark,4,1,Test_m4_ul1.0_uh1.1_i1.1_-1-1_e3.dat,1,0,Average,17003969492,7475093534,8870970064,33746299459,777726239.4,2187628955,2053637909,2456100430,1439109152,3456780947,3373934476,2821132396,0,0,1,0,0,0,0,0,1,0,1,0,1,0,1,1,0,0,1,0,1,1,0,0,1,1,1,1,1,1,1,0,1,1,1,1,1,1,1,1,0,0,0,0,0,0,0,0,1,1,1,1,,
Fri,May,1,0.603078704,2020,Benchmark,4,1,Test_m4_ul1.0_uh1.1_i1.1_-1-1_e4.dat,1,0,Average,16883864827,7437260381,8883691005,33591913361,719569523.7,2140046220,2170718107,2406926531,1538222712,3449461599,3291804173,2812443467,0,0,1,0,0,0,0,0,1,0,1,0,0,0,1,0,1,0,1,0,1,1,0,0,1,1,1,1,1,1,1,0,1,1,1,1,1,1,1,1,0,0,0,1,0,0,1,0,1,1,1,1,,
Fri,May,1,0.603206019,2020,Benchmark,4,1,Test_m4_ul1.0_uh1.1_i1.1_-1-1_e5.dat,1,0,Average,16983881956,7281503310,8891760360,33703878280,716665382.8,1891714636,2190963121,2482160170,1450638016,3716622342,3324281620,2866870501,0,0,1,0,0,0,0,0,1,1,1,0,0,0,1,1,0,0,1,1,0,1,1,0,1,1,1,1,1,1,1,0,1,1,1,1,1,1,1,1,0,0,0,0,0,0,0,0,1,1,1,1,,
Fri,May,1,0.603321759,2020,Benchmark,4,1,Test_m4_ul1.0_uh1.1_i1.1_-1-1_e6.dat,1,0,Average,17168225454,7696591178,9030040368,34100870743,878982026.7,2187702817,2095269290,2534637044,1484008689,3418306396,3259071994,2900704798,0,0,0,1,0,0,0,0,1,0,1,1,0,0,0,1,0,1,1,0,1,1,0,0,1,1,1,1,1,1,1,0,1,1,1,1,1,1,1,1,0,0,0,0,0,0,0,0,1,1,1,1,,
Fri,May,1,0.6034375,2020,Benchmark,4,1,Test_m4_ul1.0_uh1.1_i1.1_-1-1_e7.dat,1,0,Average,17011577340,7420371276,8834226524,33849713085,742442245.6,2076818731,2150976174,2450134125,1072302018,3849452802,3245966976,2862999711,0,0,1,0,0,0,0,0,1,0,1,0,0,0,1,0,1,1,0,0,1,1,0,0,1,1,1,1,1,1,1,0,1,1,1,1,1,1,1,1,0,0,0,1,0,0,1,0,1,1,1,1,,
Fri,May,1,0.603553241,2020,Benchmark,4,1,Test_m4_ul1.0_uh1.1_i1.1_-1-1_e8.dat,1,0,Average,17037337451,7397053726,8852048112,33853040196,725399105.5,2102881214,2138385455,2430387951,1325839075,3739398618,3344189303,2874035349,0,0,0,0,1,0,0,0,1,0,1,0,0,0,1,1,1,0,0,0,1,1,0,0,1,1,1,1,1,1,1,0,1,1,1,1,1,1,1,1,0,0,0,1,0,0,1,0,1,1,1,1,,
Fri,May,1,0.603668981,2020,Benchmark,4,1,Test_m4_ul1.0_uh1.1_i1.1_-1-1_e9.dat,1,0,Average,16803247485,7237804057,8824572783,33294450266,806277209.2,2084015884,1914958001,2432552963,1263763673,3888095391,3282356468,2857009371,0,0,1,0,0,0,0,0,1,0,1,0,0,0,0,0,1,1,1,0,1,1,0,0,1,1,1,1,1,1,1,0,1,1,1,1,1,1,1,1,0,0,0,1,0,0,1,0,1,1,1,1,,
Fri,May,1,0.603773148,2020,Benchmark,4,1,Test_m4_ul1.0_uh1.1_i1.1_-1-1_e10.dat,1,0,Average,17033128813,7473611313,8835014567,33834676344,878528764.2,2101025992,2015906576,2478149981,1420642594,3429141466,3385523937,2890169252,0,0,0,0,1,0,0,0,1,0,1,0,0,0,1,0,0,1,1,0,1,1,0,0,1,1,1,1,1,1,1,0,1,1,1,1,1,1,1,1,0,0,0,1,0,0,1,0,1,1,1,1,,
Fri,May,1,0.603888889,2020,Benchmark,4,1,Test_m4_ul1.0_uh1.1_i1.1_-1-1_e11.dat,1,0,Average,16957167876,7346019874,8881883315,33623599656,713496749.4,2120493947,2164114663,2347914516,1324609830,3801144656,3226782321,2949014779,0,0,0,1,0,0,0,0,1,0,1,0,0,0,0,1,1,1,0,0,1,1,0,0,1,1,1,1,1,1,1,0,1,1,1,1,1,1,1,1,0,0,0,1,0,0,1,0,1,1,1,1,,
Fri,May,1,0.60400463,2020,Benchmark,4,1,Test_m4_ul1.0_uh1.1_i1.1_-1-1_e12.dat,1,0,Average,16927088084,7415296162,8794533310,33614478546,627029263.5,2286262433,2050655392,2451349073,1380107256,3550706364,3251507450,2890928961,0,0,0,1,0,0,0,0,1,0,1,0,0,0,0,1,1,0,1,0,1,1,0,0,1,1,1,1,1,1,1,0,1,1,1,1,1,1,1,1,0,0,0,1,0,0,1,0,1,1,1,1,,
Fri,May,1,0.604108796,2020,Benchmark,4,1,Test_m4_ul1.0_uh1.1_i1.1_-1-1_e13.dat,1,0,Average,16949231164,7502859955,8872046000,33629487645,753382763,2208402076,2093398927,2447676189,1277068343,3609240839,3246841451,2864914575,0,0,0,0,1,0,0,0,1,0,1,0,0,0,1,1,1,0,0,0,1,1,0,0,1,1,1,1,1,1,1,0,1,1,1,1,1,1,1,1,0,0,0,1,0,0,1,0,1,1,1,1,,
Fri,May,1,0.604212963,2020,Benchmark,4,1,Test_m4_ul1.0_uh1.1_i1.1_-1-1_e14.dat,1,0,Average,16985056238,7530418865,8881492745,33714795993,818045783.7,2239069695,1952322788,2520980598,1465928204,3412017422,3363045893,2883980059,0,0,1,0,0,0,0,0,1,1,1,0,0,0,1,0,1,0,1,0,1,0,1,1,1,1,1,1,1,1,1,0,1,1,1,1,1,1,1,1,0,0,0,0,0,0,0,0,1,1,1,1,,
Fri,May,1,0.604340278,2020,Benchmark,4,1,Test_m4_ul1.0_uh1.1_i1.1_-1-1_e15.dat,1,0,Average,16956398354,7432784136,8867389521,33665182108,860654916.6,2149066301,1918569760,2504493159,1361509469,3597009030,3341554542,2869525125,0,0,1,0,0,0,0,0,1,0,1,0,0,0,1,0,1,1,0,0,1,1,0,0,1,1,1,1,1,1,1,0,1,1,1,1,1,1,1,1,0,0,0,1,0,0,1,0,1,1,1,1,,
Fri,May,1,0.604456019,2020,Benchmark,4,1,Test_m4_ul1.0_uh1.1_i1.1_-1-1_e16.dat,1,0,Average,16972423843,7495315544,8914556434,33672114845,795255075.7,2201414549,2036936546,2461709373,1270582983,3700765380,3323334358,2863352546,0,0,0,0,1,0,0,0,1,0,1,0,0,0,1,0,1,1,0,0,0,1,1,1,1,1,1,1,1,1,1,0,1,1,1,1,1,1,1,1,0,0,0,1,0,0,1,0,1,1,1,1,,
Fri,May,1,0.604583333,2020,Benchmark,4,1,Test_m4_ul1.0_uh1.1_i1.1_-1-1_e17.dat,1,0,Average,16939609035,7605563498,8848941547,33678931848,798497716.8,2062991960,2267243951,2476829871,1149523511,3649357645,3190949565,2844178485,0,0,1,0,0,0,0,0,1,0,1,0,1,0,1,0,1,1,0,0,1,1,0,0,1,1,1,1,1,1,1,0,1,1,1,1,1,1,1,1,0,0,0,0,0,0,0,0,1,1,1,1,,
Fri,May,1,0.604699074,2020,Benchmark,4,1,Test_m4_ul1.0_uh1.1_i1.1_-1-1_e18.dat,1,0,Average,16967792196,7639412385,8911768082,33714132286,736308876.9,2369563615,2104471249,2429068644,1190949734,3669025168,3251653561,2808699202,0,0,1,0,0,0,0,0,1,0,1,0,0,0,0,1,1,1,0,1,0,1,1,0,1,1,1,1,1,1,1,0,1,1,1,1,1,1,1,1,0,0,0,1,0,0,1,0,1,1,1,1,,
Fri,May,1,0.604814815,2020,Benchmark,4,1,Test_m4_ul1.0_uh1.1_i1.1_-1-1_e19.dat,1,0,Average,17040018017,7379139305,8892933843,33850874275,740672191.5,2218153319,1936869829,2483443965,1563579779,3598098549,3225349873,2925573913,0,0,1,0,0,0,0,0,1,0,1,0,0,0,1,1,0,0,1,0,1,1,0,0,1,1,1,1,1,1,1,0,1,1,1,1,1,1,1,1,0,0,0,1,0,0,1,0,1,1,1,1,,
Fri,May,1,0.604930556,2020,Benchmark,4,1,Test_m4_ul1.0_uh1.1_i1.1_-1-1_e20.dat,1,0,Average,16982034794,7563333232,8904893210,33760874605,858612931.3,2060402477,2164188472,2480129352,1394348242,3562258217,3213702277,2848857720,0,0,0,0,1,0,0,0,1,0,1,0,0,0,0,1,1,0,1,0,0,1,1,1,1,1,1,1,1,1,1,0,1,1,1,1,1,1,1,1,0,0,0,1,0,0,1,0,1,1,1,1,,
Fri,May,1,0.605046296,2020,Benchmark,4,1,Test_m4_ul1.0_uh1.1_i1.1_-1-1_e21.dat,1,0,Average,16914046554,7441157858,8880394423,33640176065,702987471.1,2291532596,2036066773,2410571018,1398289855,3594806789,3276211952,2831072735,0,0,0,1,0,1,0,0,1,0,1,0,0,0,1,0,0,1,1,0,1,1,0,0,1,1,1,1,1,1,1,0,1,1,1,1,1,1,1,1,0,0,0,0,0,0,0,0,1,1,1,1,,
Fri,May,1,0.605162037,2020,Benchmark,4,1,Test_m4_ul1.0_uh1.1_i1.1_-1-1_e22.dat,1,0,Average,16882309395,7445386497,8879143249,33470341981,747637174.3,2059440363,2207026684,2431282275,1289031864,3740304869,3227146333,2866139016,0,0,1,0,0,0,0,0,1,0,1,0,0,0,1,1,0,1,0,0,1,1,0,0,1,1,1,1,1,1,1,0,1,1,1,1,1,1,1,1,0,0,0,1,0,0,1,0,1,1,1,1,,
Fri,May,1,0.605289352,2020,Benchmark,4,1,Test_m4_ul1.0_uh1.1_i1.1_-1-1_e23.dat,1,0,Average,16912455463,7549878747,8894943565,33586212515,888756079.5,2000967307,2196175825,2463979535,1421859123,3480082504,3221566374,2826978997,0,0,0,0,1,0,0,0,1,0,1,0,0,0,0,0,1,1,1,0,1,1,0,0,1,1,1,1,1,1,1,0,1,1,1,1,1,1,1,1,0,0,0,1,0,0,1,0,1,1,1,1,,
Fri,May,1,0.605393519,2020,Benchmark,4,1,Test_m4_ul1.0_uh1.1_i1.1_-1-1_e24.dat,1,0,Average,16981171266,7417938644,8837053089,33711025104,625854402.8,2349004378,2019417122,2423662741,1450034086,3700921810,3188150868,2917614596,0,0,0,0,1,0,0,0,1,0,1,0,0,0,1,1,1,0,0,0,1,1,0,0,1,1,1,1,1,1,1,0,1,1,1,1,1,1,1,1,0,0,0,1,0,0,1,0,1,1,1,1,,
Fri,May,1,0.605509259,2020,Benchmark,4,1,Test_m4_ul1.0_uh1.1_i1.1_-1-1_e25.dat,1,0,Average,16951624070,7499931735,8822799848,33675152603,737656805,2119377646,2266941539,2375955744,1047939444,3745841972,3291587530,2910433961,0,0,0,0,1,0,0,0,1,0,1,0,0,0,0,1,0,1,1,1,0,1,1,0,1,1,1,1,1,1,1,0,1,1,1,1,1,1,1,1,0,0,0,1,0,0,1,0,1,1,1,1,,
Fri,May,1,0.605625,2020,Benchmark,4,1,Test_m4_ul1.0_uh1.1_i1.1_-1-1_e26.dat,1,0,Average,16836571316,7336778052,8770966686,33514459889,747376597.2,2084275275,2134619548,2370506631,1186761699,3749260712,3184133353,2847305906,0,0,1,0,0,0,0,0,1,0,1,0,0,0,0,1,0,1,1,0,1,1,0,0,1,1,1,1,1,1,1,0,1,1,1,1,1,1,1,1,0,0,0,1,0,0,1,0,1,1,1,1,,
Fri,May,1,0.605740741,2020,Benchmark,4,1,Test_m4_ul1.0_uh1.1_i1.1_-1-1_e27.dat,1,0,Average,16969945310,7547378475,8850265407,33740897901,772887846.8,2146486876,2190601546,2437402206,1467296292,3437098311,3160462784,2817459529,0,0,0,1,0,0,0,0,1,0,1,1,0,0,1,1,0,1,0,0,1,1,0,0,1,1,1,1,1,1,1,0,1,1,1,1,1,1,1,1,0,0,0,0,0,0,0,0,1,1,1,1,,
Fri,May,1,0.605856481,2020,Benchmark,4,1,Test_m4_ul1.0_uh1.1_i1.1_-1-1_e28.dat,1,0,Average,16936713676,7331495640,8893305465,33610118414,684698505.9,2004188783,2165959120,2476649231,1285851141,3848376268,3300576688,2842931751,0,0,0,1,0,0,0,0,1,0,1,0,1,0,0,0,1,1,1,0,1,1,0,0,1,1,1,1,1,1,1,0,1,1,1,1,1,1,1,1,0,0,0,0,0,0,0,0,1,1,1,1,,
Fri,May,1,0.605972222,2020,Benchmark,4,1,Test_m4_ul1.0_uh1.1_i1.1_-1-1_e29.dat,1,0,Average,17074213415,7513607275,8930238063,33810944800,715478709.4,2152180099,2211490716,2434457752,1282703268,3753915898,3300457978,2871877640,0,0,0,0,1,0,0,0,1,0,1,0,0,0,0,0,1,1,1,0,1,1,0,0,1,1,1,1,1,1,1,0,1,1,1,1,1,1,1,1,0,0,0,1,0,0,1,0,1,1,1,1,,
Fri,May,1,0.606087963,2020,Benchmark,4,1,Test_m4_ul1.0_uh1.1_i1.1_-1-1_e30.dat,1,0,Average,17035773374,7703215412,8963247927,33793373952,797669168.7,2144729343,2242487444,2518329457,1421579843,3352099159,3196056906,2884611977,0,0,1,0,0,0,0,0,1,0,1,1,0,0,1,1,0,1,0,0,1,1,0,0,1,1,1,1,1,1,1,0,1,1,1,1,1,1,1,1,0,0,0,0,0,0,0,0,1,1,1,1,,
Fri,May,1,0.606203704,2020,Benchmark,4,1,Test_m4_ul1.0_uh1.1_i1.1_-1-1_e31.dat,1,0,Average,16849916596,7538612529,8876475423,33452874176,845579891.7,2207388825,2059966368,2425677445,1273398372,3696209237,3147730872,2838172300,0,0,0,1,0,0,0,0,1,0,1,0,0,0,1,0,1,1,0,1,1,0,1,0,1,1,1,1,1,1,1,0,1,1,1,1,1,1,1,1,0,0,0,1,0,0,1,0,1,1,1,1,,
Fri,May,1,0.606331019,2020,Benchmark,4,1,Test_m4_ul1.0_uh1.1_i1.1_-1-1_e32.dat,1,0,Average,17001390716,7374763371,8919333677,33713091075,629273607.2,2062246306,2191314911,2491928546,1520800307,3777189843,3177975359,2839544514,0,0,0,0,1,0,0,0,1,0,1,0,0,0,0,1,1,1,0,0,1,1,0,0,1,1,1,1,1,1,1,0,1,1,1,1,1,1,1,1,0,0,0,1,0,0,1,0,1,1,1,1,,
Fri,May,1,0.606458333,2020,Benchmark,4,1,Test_m4_ul1.0_uh1.1_i1.1_-1-1_e33.dat,1,0,Average,16930284192,7400607740,8855004754,33575046498,852572888,1975725308,2164076026,2408233518,1484329622,3563215083,3237124441,2872544253,0,0,0,1,0,0,0,0,1,0,1,1,0,0,1,1,0,0,1,0,1,1,0,0,1,1,1,1,1,1,1,0,1,1,1,1,1,1,1,1,0,0,0,0,0,0,0,0,1,1,1,1,,
Fri,May,1,0.6065625,2020,Benchmark,4,1,Test_m4_ul1.0_uh1.1_i1.1_-1-1_e34.dat,1,0,Average,16691120178,7557943653,8835398936,33110348533,767501279.2,2180655676,2171356314,2438430384,1173130518,3702741242,3141132484,2803462350,0,0,0,0,1,0,0,0,1,0,1,0,0,0,1,1,0,1,0,0,1,1,0,0,1,1,1,1,1,1,1,0,1,1,1,1,1,1,1,1,0,0,0,1,0,0,1,0,1,1,1,1,,
Fri,May,1,0.606689815,2020,Benchmark,4,1,Test_m4_ul1.0_uh1.1_i1.1_-1-1_e35.dat,1,0,Average,16899139744,7512850408,8857205550,33522105817,860544284.3,2146767031,2054738195,2450800898,1460056818,3406207909,3230651392,2815832864,0,0,1,0,0,0,0,0,1,0,1,1,0,0,1,0,0,1,1,0,1,1,0,0,1,1,1,1,1,1,1,0,1,1,1,1,1,1,1,1,0,0,0,0,0,0,0,0,1,1,1,1,,
Fri,May,1,0.606805556,2020,Benchmark,4,1,Test_m4_ul1.0_uh1.1_i1.1_-1-1_e36.dat,1,0,Average,17044649221,7409019915,8866816209,33824094315,756193230,2049410850,2298901447,2304514388,1282707443,3819934432,3238466962,3004105454,0,0,1,0,0,0,0,0,1,1,1,0,0,0,1,0,0,1,1,0,1,1,0,0,1,1,1,1,1,1,1,0,1,1,1,1,1,1,1,1,0,0,0,0,0,0,0,0,1,1,1,1,,
Fri,May,1,0.606909722,2020,Benchmark,4,1,Test_m4_ul1.0_uh1.1_i1.1_-1-1_e37.dat,1,0,Average,16873925067,7291204739,8820963176,33493474669,660965945,2052532140,2191114202,2386592452,1405055609,3773065143,3215728022,2893766521,0,0,0,1,0,0,0,0,1,0,1,1,0,0,1,1,0,0,1,0,1,1,0,0,1,1,1,1,1,1,1,0,1,1,1,1,1,1,1,1,0,0,0,0,0,0,0,0,1,1,1,1,,
Fri,May,1,0.607037037,2020,Benchmark,4,1,Test_m4_ul1.0_uh1.1_i1.1_-1-1_e38.dat,1,0,Average,17021695766,7561770459,8873485846,33736923317,848606265.2,2196106663,2050451399,2466606132,1458166070,3730526809,2914829569,2837252794,0,0,0,0,1,0,0,0,1,0,1,0,0,0,1,1,1,0,0,0,1,1,0,0,1,1,1,1,1,1,1,0,1,1,1,1,1,1,1,1,0,0,0,1,0,0,1,0,1,1,1,1,,
Fri,May,1,0.607164352,2020,Benchmark,4,1,Test_m4_ul1.0_uh1.1_i1.1_-1-1_e39.dat,1,0,Average,17085804523,7358424217,8898909923,33896841329,713037876.4,2042706520,2124874889,2477804932,1484813121,3776180560,3168723127,2888861386,0,0,1,0,0,0,0,0,1,0,1,0,0,0,1,0,1,1,0,0,1,1,0,0,1,1,1,1,1,1,1,0,1,1,1,1,1,1,1,1,0,0,0,1,0,0,1,0,1,1,1,1,,
Fri,May,1,0.607280093,2020,Benchmark,4,1,Test_m4_ul1.0_uh1.1_i1.1_-1-1_e40.dat,1,0,Average,16945559056,7448994333,8800331581,33600908339,781786046.7,2183825271,1987656774,2495726240,1051616208,3738508217,3398432880,2902236959,0,0,0,0,1,0,0,0,1,0,1,0,0,0,1,0,1,1,0,0,1,1,0,0,1,1,1,1,1,1,1,0,1,1,1,1,1,1,1,1,0,0,0,1,0,0,1,0,1,1,1,1,,
Fri,May,1,0.607407407,2020,Benchmark,4,1,Test_m4_ul1.0_uh1.1_i1.1_-1-1_e41.dat,1,0,Average,16967947084,7557899695,8946235036,33714243549,833319106.4,1963717313,2311700261,2449163014,1472351994,3483559570,3205080388,2840786518,0,0,0,0,1,0,0,0,1,0,1,0,0,0,1,1,0,0,1,0,1,1,0,0,1,1,1,1,1,1,1,0,1,1,1,1,1,1,1,1,0,0,0,1,0,0,1,0,1,1,1,1,,
Fri,May,1,0.607523148,2020,Benchmark,4,1,Test_m4_ul1.0_uh1.1_i1.1_-1-1_e42.dat,1,0,Average,16979395737,7668539290,8803838826,33734426474,841328893.4,2165346615,2190960108,2470903674,1442039556,3153934102,3251283524,2835935641,0,0,0,0,1,0,0,0,1,0,1,0,0,0,1,0,0,1,1,0,1,1,0,0,1,1,1,1,1,1,1,0,1,1,1,1,1,1,1,1,0,0,0,1,0,0,1,0,1,1,1,1,,
Fri,May,1,0.607627315,2020,Benchmark,4,1,Test_m4_ul1.0_uh1.1_i1.1_-1-1_e43.dat,1,0,Average,17048923620,7673383583,8875207801,33856043776,762410657.9,2187941849,2241317027,2481714050,1405445509,3404226149,3203293870,2847309932,0,0,0,1,0,0,0,0,1,0,1,1,0,0,0,0,1,1,1,1,1,0,1,0,1,1,1,1,1,1,1,0,1,1,1,1,1,1,1,1,0,0,0,0,0,0,0,0,1,1,1,1,,
Fri,May,1,0.60775463,2020,Benchmark,4,1,Test_m4_ul1.0_uh1.1_i1.1_-1-1_e44.dat,1,0,Average,17073524003,7544652721,8869014837,33920862806,742884311,2151789077,2183372034,2466607298,1546564671,3263046840,3181032169,2875184777,0,0,0,0,1,0,0,0,1,0,1,0,0,0,0,1,0,1,1,0,1,1,0,0,1,1,1,1,1,1,1,0,1,1,1,1,1,1,1,1,0,0,0,1,0,0,1,0,1,1,1,1,,
Fri,May,1,0.60787037,2020,Benchmark,4,1,Test_m4_ul1.0_uh1.1_i1.1_-1-1_e45.dat,1,0,Average,16874641823,7560269079,8785055444,33561877757,783400543.3,2195592076,2167438310,2413838150,1459187155,3343782766,3148200006,2818953175,0,0,0,0,1,0,0,0,1,0,1,0,0,0,1,0,1,0,1,0,1,1,0,0,1,1,1,1,1,1,1,0,1,1,1,1,1,1,1,1,0,0,0,1,0,0,1,0,1,1,1,1,,
Fri,May,1,0.607986111,2020,Benchmark,4,1,Test_m4_ul1.0_uh1.1_i1.1_-1-1_e46.dat,1,0,Average,16983396187,7484412022,8815483245,33700163736,752666932.6,2380612977,1892070019,2459062094,1235492900,3717944523,3284874064,2855888478,0,0,1,0,0,0,0,0,1,0,1,1,0,0,0,1,1,0,1,0,1,1,0,0,1,1,1,1,1,1,1,0,1,1,1,1,1,1,1,1,0,0,0,0,0,0,0,0,1,1,1,1,,
Fri,May,1,0.608090278,2020,Benchmark,4,1,Test_m4_ul1.0_uh1.1_i1.1_-1-1_e47.dat,1,0,Average,16988315169,7504539661,8787064477,33669861478,900681556.7,2090741259,2062844586,2450272258,1516764496,3178127140,3321084124,2826632150,0,0,0,1,0,0,0,0,1,0,1,0,0,0,1,0,0,1,1,0,1,1,0,0,1,1,1,1,1,1,1,0,1,1,1,1,1,1,1,1,0,0,0,1,0,0,1,0,1,1,1,1,,
Fri,May,1,0.608206019,2020,Benchmark,4,1,Test_m4_ul1.0_uh1.1_i1.1_-1-1_e48.dat,1,0,Average,16989099013,7435171136,8857971182,33809862581,768918140.1,2115729753,2062714508,2487808736,1533119393,3444206175,3293525117,2854091255,0,0,0,1,0,1,0,0,1,0,1,0,0,0,1,1,0,1,0,0,1,1,0,0,1,1,1,1,1,1,1,0,1,1,1,1,1,1,1,1,0,0,0,0,0,0,0,0,1,1,1,1,,
Fri,May,1,0.608333333,2020,Benchmark,4,1,Test_m4_ul1.0_uh1.1_i1.1_-1-1_e49.dat,1,0,Average,16973889464,7332570145,8824432392,33631930759,691819377.3,2324067595,1882524820,2434158353,1339072664,3675008850,3455596377,2880136434,0,0,1,0,0,0,0,0,1,0,1,0,0,0,1,0,0,1,1,0,1,1,0,0,1,1,1,1,1,1,1,0,1,1,1,1,1,1,1,1,0,0,0,1,0,0,1,0,1,1,1,1,,
Fri,May,1,0.608460648,2020,Benchmark,4,1,Test_m4_ul1.0_uh1.1_i1.1_-1-1_e50.dat,1,0,Average,16983235537,7519679920,8849314637,33711865897,756999388.2,2103981909,2191708946,2466989677,1301280119,3549296225,3291181340,2880560011,0,0,1,0,0,0,0,0,1,0,1,0,1,0,1,0,0,1,1,1,0,1,1,0,1,1,1,1,1,1,1,0,1,1,1,1,1,1,1,1,0,0,0,0,0,0,0,0,1,1,1,1,,
Fri,May,1,0.608576389,2020,Benchmark,4,1,Test_m4_ul1.0_uh1.1_i1.1_-1-1_e51.dat,1,0,Average,17039696823,7306851610,8872451255,33815533347,722341839.7,2222022338,2100844365,2261643068,1411379269,3710972731,3310826152,2952909073,0,0,1,0,0,0,0,0,1,0,1,1,0,0,1,0,0,1,1,0,1,1,0,0,1,1,1,1,1,1,1,0,1,1,1,1,1,1,1,1,0,0,0,0,0,0,0,0,1,1,1,1,,
Fri,May,1,0.608680556,2020,Benchmark,4,1,Test_m4_ul1.0_uh1.1_i1.1_-1-1_e52.dat,1,0,Average,16936319176,7601469824,8901743267,33620028307,894932509.2,2222581595,2047517628,2436438091,1475266415,3375262585,3219449003,2840324847,0,0,0,0,1,0,0,0,1,0,1,0,0,0,1,1,1,0,0,0,1,1,0,0,1,1,1,1,1,1,1,0,1,1,1,1,1,1,1,1,0,0,0,1,0,0,1,0,1,1,1,1,,
Fri,May,1,0.60880787,2020,Benchmark,4,1,Test_m4_ul1.0_uh1.1_i1.1_-1-1_e53.dat,1,0,Average,16990778533,7465773905,8878953579,33761332684,809976920.3,2024271292,2250040467,2381485226,1460393252,3599195247,3284077687,2802258151,0,0,0,1,0,0,0,0,1,0,1,0,0,0,1,1,0,1,0,0,1,1,0,0,1,1,1,1,1,1,1,0,1,1,1,1,1,1,1,1,0,0,0,1,0,0,1,0,1,1,1,1,,
Fri,May,1,0.608935185,2020,Benchmark,4,1,Test_m4_ul1.0_uh1.1_i1.1_-1-1_e54.dat,1,0,Average,16974057747,7595285594,8949426717,33703162280,817758643.7,2066848651,2194488958,2516189341,1425467233,3443562867,3229424721,2883023404,0,0,1,0,0,0,0,0,1,0,1,0,0,0,1,1,0,1,0,0,1,1,0,0,1,1,1,1,1,1,1,0,1,1,1,1,1,1,1,1,0,0,0,1,0,0,1,0,1,1,1,1,,
Fri,May,1,0.6090625,2020,Benchmark,4,1,Test_m4_ul1.0_uh1.1_i1.1_-1-1_e55.dat,1,0,Average,17044302792,7396575641,8892389186,33861625802,629507176.2,2092311447,2172433553,2502323466,1524313712,3651002364,3237253527,2887741890,0,0,0,1,0,0,0,0,1,0,1,0,0,0,0,1,1,0,1,0,1,1,0,0,1,1,1,1,1,1,1,0,1,1,1,1,1,1,1,1,0,0,0,1,0,0,1,0,1,1,1,1,,
Fri,May,1,0.609189815,2020,Benchmark,4,1,Test_m4_ul1.0_uh1.1_i1.1_-1-1_e56.dat,1,0,Average,17003668587,7616882853,8929704028,33810975649,741664858.6,2141661400,2241379284,2492177310,1208309693,3705019419,3193249654,2855176771,0,0,0,0,1,0,0,0,1,0,1,0,0,0,1,1,0,1,0,1,0,1,1,0,1,1,1,1,1,1,1,0,1,1,1,1,1,1,1,1,0,0,0,1,0,0,1,0,1,1,1,1,,
Fri,May,1,0.60931713,2020,Benchmark,4,1,Test_m4_ul1.0_uh1.1_i1.1_-1-1_e57.dat,1,0,Average,16884563104,7637693657,8915224204,33492889823,845989752,2151255198,2168760239,2471688467,1202809300,3593260929,3189174530,2844571329,0,0,1,0,0,0,0,0,1,0,1,0,0,0,0,1,0,1,1,0,1,1,0,0,1,1,1,1,1,1,1,0,1,1,1,1,1,1,1,1,0,0,0,1,0,0,1,0,1,1,1,1,,
Fri,May,1,0.60943287,2020,Benchmark,4,1,Test_m4_ul1.0_uh1.1_i1.1_-1-1_e58.dat,1,0,Average,16790123127,7302012671,8784685367,33255161079,674872292.5,2085614823,2188926023,2352599532,1381134059,3758421924,3175327956,2912961624,0,0,0,1,0,0,0,0,1,0,1,1,0,0,0,1,0,1,1,0,1,1,0,0,1,1,1,1,1,1,1,0,1,1,1,1,1,1,1,1,0,0,0,0,0,0,0,0,1,1,1,1,,
Fri,May,1,0.609548611,2020,Benchmark,4,1,Test_m4_ul1.0_uh1.1_i1.1_-1-1_e59.dat,1,0,Average,17058404230,7347969470,8941521152,33804923404,720564744.2,1838092559,2335143049,2454169118,1591612646,3628102953,3215375489,2879114485,0,0,0,0,1,0,0,0,1,0,1,0,0,0,0,1,1,0,1,1,0,1,1,0,1,1,1,1,1,1,1,0,1,1,1,1,1,1,1,1,0,0,0,1,0,0,1,0,1,1,1,1,,
Fri,May,1,0.609664352,2020,Benchmark,4,1,Test_m4_ul1.0_uh1.1_i1.1_-1-1_e60.dat,1,0,Average,17084998753,7313394835,8885546007,33897863710,516096041,2170145893,2216838771,2410314131,1483746286,3782572804,3278630783,2854232104,0,0,0,0,1,0,0,0,1,0,1,0,0,0,1,0,0,1,1,1,0,1,1,0,1,1,1,1,1,1,1,0,1,1,1,1,1,1,1,1,0,0,0,1,0,0,1,0,1,1,1,1,,
Fri,May,1,0.609791667,2020,Benchmark,4,1,Test_m4_ul1.0_uh1.1_i1.1_-1-1_e61.dat,1,0,Average,17043475222,7684101830,8959337996,33833065661,816537995.9,2155666655,2227440588,2484456591,1436621186,3341114034,3221963622,2850739111,0,0,0,0,1,0,0,0,1,0,1,0,0,0,1,1,0,1,0,0,1,1,0,0,1,1,1,1,1,1,1,0,1,1,1,1,1,1,1,1,0,0,0,1,0,0,1,0,1,1,1,1,,
Fri,May,1,0.609895833,2020,Benchmark,4,1,Test_m4_ul1.0_uh1.1_i1.1_-1-1_e62.dat,1,0,Average,17017158687,7444802623,8788176125,33825755987,725797741.3,2128713534,2229605565,2360685782,1445857855,3450143779,3252413383,2953715715,0,0,1,0,0,0,0,0,1,0,1,0,1,0,0,0,1,1,1,0,1,1,0,0,1,1,1,1,1,1,1,0,1,1,1,1,1,1,1,1,0,0,0,0,0,0,0,0,1,1,1,1,,
Fri,May,1,0.610011574,2020,Benchmark,4,1,Test_m4_ul1.0_uh1.1_i1.1_-1-1_e63.dat,1,0,Average,17085995022,7616145368,8859623887,33930429410,795786991.5,2103413087,2268708742,2448236548,1301585657,3466636179,3307418990,2827780532,0,0,0,0,1,0,0,0,1,0,1,0,0,0,1,0,1,0,1,0,1,1,0,0,1,1,1,1,1,1,1,0,1,1,1,1,1,1,1,1,0,0,0,1,0,0,1,0,1,1,1,1,,
Fri,May,1,0.610150463,2020,Benchmark,4,1,Test_m4_ul1.0_uh1.1_i1.1_-1-1_e64.dat,1,0,Average,16931406082,7264282601,8872522184,33620778459,850729161.4,1956566254,2207656560,2249330624,1485970488,3610799521,3243007008,3093364988,0,0,0,1,0,0,0,0,1,0,1,0,0,0,1,1,0,1,0,0,1,0,1,1,1,1,1,1,1,1,1,0,1,1,1,1,1,1,1,1,0,0,0,1,0,0,1,0,1,1,1,1,,
Fri,May,1,0.610266204,2020,Benchmark,4,1,Test_m4_ul1.0_uh1.1_i1.1_-1-1_e65.dat,1,0,Average,17008947532,7512619013,8928019565,33831804688,802507222.4,2184085402,2062010879,2464015510,1488192863,3472203755,3265024715,2887347253,0,0,0,1,0,0,0,0,1,1,1,0,0,0,0,1,1,1,0,0,1,1,0,0,1,1,1,1,1,1,1,0,1,1,1,1,1,1,1,1,0,0,0,0,0,0,0,0,1,1,1,1,,
Fri,May,1,0.610381944,2020,Benchmark,4,1,Test_m4_ul1.0_uh1.1_i1.1_-1-1_e66.dat,1,0,Average,16914135831,7544769698,8836500271,33572104686,749835915.5,2238058311,2137084062,2419791409,1180301052,3683178847,3241111936,2799197831,0,0,1,0,0,0,0,0,1,0,1,0,0,0,1,0,0,1,1,0,1,1,0,0,1,1,1,1,1,1,1,0,1,1,1,1,1,1,1,1,0,0,0,1,0,0,1,0,1,1,1,1,,
Fri,May,1,0.610497685,2020,Benchmark,4,1,Test_m4_ul1.0_uh1.1_i1.1_-1-1_e67.dat,1,0,Average,16936158850,7406297323,8780307987,33676361933,784872617.6,2106437181,2130247838,2384739687,1454716630,3476206309,3154817355,2949792489,0,0,1,0,0,0,0,0,1,0,1,0,0,0,0,1,1,0,1,0,1,1,0,0,1,1,1,1,1,1,1,0,1,1,1,1,1,1,1,1,0,0,0,1,0,0,1,0,1,1,1,1,,
Fri,May,1,0.610601852,2020,Benchmark,4,1,Test_m4_ul1.0_uh1.1_i1.1_-1-1_e68.dat,1,0,Average,16929342574,7188815380,8832425737,33632342113,571919890.1,2184226722,1977645645,2455023123,1509775777,3788608282,3303177643,2861959630,0,0,0,1,0,0,0,0,1,0,1,0,0,0,1,1,1,0,0,0,1,1,0,0,1,1,1,1,1,1,1,0,1,1,1,1,1,1,1,1,0,0,0,1,0,0,1,0,1,1,1,1,,
Fri,May,1,0.610717593,2020,Benchmark,4,1,Test_m4_ul1.0_uh1.1_i1.1_-1-1_e69.dat,1,0,Average,16882503539,7424252567,8833906135,33584979235,765820934.1,2206847827,2038600215,2412983591,1187637292,3827296552,3239365958,2823085167,0,0,0,0,1,0,0,0,1,0,1,0,0,0,0,1,1,0,1,0,1,1,0,0,1,1,1,1,1,1,1,0,1,1,1,1,1,1,1,1,0,0,0,1,0,0,1,0,1,1,1,1,,
Fri,May,1,0.610856481,2020,Benchmark,4,1,Test_m4_ul1.0_uh1.1_i1.1_-1-1_e70.dat,1,0,Average,16924340088,7266501488,8755048826,33621484807,799605644.3,1973156964,2123877891,2369860988,1217789992,3940914114,3289540128,2832186524,0,0,0,0,1,0,0,0,1,0,1,0,0,0,1,1,0,0,1,0,1,1,0,0,1,1,1,1,1,1,1,0,1,1,1,1,1,1,1,1,0,0,0,1,0,0,1,0,1,1,1,1,,
Fri,May,1,0.610972222,2020,Benchmark,4,1,Test_m4_ul1.0_uh1.1_i1.1_-1-1_e71.dat,1,0,Average,16910982705,7388062190,8880235135,33593397745,762422727.4,2031059143,2146892952,2447687368,1225152512,3830283994,3181845467,2874686032,0,0,0,1,0,0,0,0,1,0,1,1,0,0,1,1,0,1,0,0,1,1,0,0,1,1,1,1,1,1,1,0,1,1,1,1,1,1,1,1,0,0,0,0,0,0,0,0,1,1,1,1,,
Fri,May,1,0.611087963,2020,Benchmark,4,1,Test_m4_ul1.0_uh1.1_i1.1_-1-1_e72.dat,1,0,Average,16957958481,7461373717,8913400820,33676514251,737287392.3,2163149078,2185917261,2375019986,1456439665,3602727338,3244991933,2934942456,0,0,1,0,0,0,0,0,1,0,1,0,0,0,1,1,1,0,0,0,1,1,0,0,1,1,1,1,1,1,1,0,1,1,1,1,1,1,1,1,0,0,0,1,0,0,1,0,1,1,1,1,,
Fri,May,1,0.611226852,2020,Benchmark,4,1,Test_m4_ul1.0_uh1.1_i1.1_-1-1_e73.dat,1,0,Average,16978432389,7333827305,8917508048,33740244497,611205349.6,1997356243,2245270847,2479994865,1557973015,3595877219,3276258355,2860083880,0,0,0,0,1,0,0,0,1,0,1,0,0,0,1,1,0,1,0,0,1,1,0,0,1,1,1,1,1,1,1,0,1,1,1,1,1,1,1,1,0,0,0,1,0,0,1,0,1,1,1,1,,
Fri,May,1,0.611354167,2020,Benchmark,4,1,Test_m4_ul1.0_uh1.1_i1.1_-1-1_e74.dat,1,0,Average,16910142180,7527535843,8853594955,33480263731,745540077.2,2290036229,2045104381,2446855157,1203732589,3668551195,3215292735,2821561870,0,0,0,1,0,0,0,0,1,0,1,0,0,0,0,1,0,1,1,0,1,1,0,0,1,1,1,1,1,1,1,0,1,1,1,1,1,1,1,1,0,0,0,1,0,0,1,0,1,1,1,1,,
Fri,May,1,0.611469907,2020,Benchmark,4,1,Test_m4_ul1.0_uh1.1_i1.1_-1-1_e75.dat,1,0,Average,16946880193,7584304246,8781613580,33639989133,793503754.9,2186985210,2162716989,2441098293,1098322550,3755619854,3101296998,2811441838,0,0,0,0,1,0,0,0,1,0,1,0,0,0,0,0,1,1,1,0,1,1,0,0,1,1,1,1,1,1,1,0,1,1,1,1,1,1,1,1,0,0,0,1,0,0,1,0,1,1,1,1,,
Fri,May,1,0.611608796,2020,Benchmark,4,1,Test_m4_ul1.0_uh1.1_i1.1_-1-1_e76.dat,1,0,Average,16987211893,7478696791,8931535861,33726285543,819506582.4,2049823078,2133077999,2476289132,1253766468,3752548884,3292647137,2876052206,0,0,0,1,0,0,0,0,1,0,1,0,0,0,1,1,1,0,0,0,1,1,0,0,1,1,1,1,1,1,1,0,1,1,1,1,1,1,1,1,0,0,0,1,0,0,1,0,1,1,1,1,,
Fri,May,1,0.611736111,2020,Benchmark,4,1,Test_m4_ul1.0_uh1.1_i1.1_-1-1_e77.dat,1,0,Average,16982485022,7374725779,8787753511,33707635998,706512034.6,2256359860,1992253406,2419600479,1202093465,3652863095,3241821422,2852232625,0,0,0,0,1,0,0,0,1,0,1,0,0,0,0,1,1,0,1,1,1,0,1,0,1,1,1,1,1,1,1,0,1,1,1,1,1,1,1,1,0,0,0,1,0,0,1,0,1,1,1,1,,
Fri,May,1,0.611840278,2020,Benchmark,4,1,Test_m4_ul1.0_uh1.1_i1.1_-1-1_e78.dat,1,0,Average,16979277525,7494185996,8845089347,33700680238,840543582.3,2202573637,1991620382,2459448395,1305273764,3682157081,3281632364,2854742858,0,0,1,0,0,1,0,0,1,0,1,0,0,0,0,1,0,1,1,0,1,1,0,0,1,1,1,1,1,1,1,0,1,1,1,1,1,1,1,1,0,0,0,0,0,0,0,0,1,1,1,1,,
Fri,May,1,0.611956019,2020,Benchmark,4,1,Test_m4_ul1.0_uh1.1_i1.1_-1-1_e79.dat,1,0,Average,17055223397,7523262298,8982872255,33878800309,699243743.1,2135362317,2167638548,2521017690,1305094242,3804610388,3169703851,2899958756,0,0,0,1,0,0,0,0,1,0,1,0,0,0,0,1,1,0,1,0,1,1,0,0,1,1,1,1,1,1,1,0,1,1,1,1,1,1,1,1,0,0,0,1,0,0,1,0,1,1,1,1,,
Fri,May,1,0.612083333,2020,Benchmark,4,1,Test_m4_ul1.0_uh1.1_i1.1_-1-1_e80.dat,1,0,Average,16970840936,7611523082,8888284373,33675829193,817836844.3,2165672352,2155933370,2472080516,1387510786,3415215902,3177717414,2845924080,0,0,0,0,1,0,0,0,1,0,1,0,0,0,0,0,1,1,1,0,1,1,0,0,1,1,1,1,1,1,1,0,1,1,1,1,1,1,1,1,0,0,0,1,0,0,1,0,1,1,1,1,,
Fri,May,1,0.612199074,2020,Benchmark,4,1,Test_m4_ul1.0_uh1.1_i1.1_-1-1_e81.dat,1,0,Average,16827736268,7537315085,8863895209,33456309538,828243453.4,2035235823,2206243477,2467592332,1528651297,3405509808,3103552258,2834741431,0,0,0,0,1,0,0,0,1,0,1,0,0,0,0,1,1,1,0,0,1,1,0,0,1,1,1,1,1,1,1,0,1,1,1,1,1,1,1,1,0,0,0,1,0,0,1,0,1,1,1,1,,
Fri,May,1,0.612326389,2020,Benchmark,4,1,Test_m4_ul1.0_uh1.1_i1.1_-1-1_e82.dat,1,0,Average,17035764292,7685454989,8900519292,33901539148,744453609.6,2269950704,2183659247,2487391429,1117617830,3659913268,3208113283,2852958720,0,0,0,1,0,0,0,0,1,0,1,0,0,0,1,0,1,0,1,0,1,1,0,0,1,1,1,1,1,1,1,0,1,1,1,1,1,1,1,1,0,0,0,1,0,0,1,0,1,1,1,1,,
Fri,May,1,0.612453704,2020,Benchmark,4,1,Test_m4_ul1.0_uh1.1_i1.1_-1-1_e83.dat,1,0,Average,16954814618,7309688965,8808276931,33690868506,847354198.9,2052453516,2077902258,2331978992,1302978927,3692344906,3324565481,2966785700,0,0,0,0,1,0,0,0,1,0,1,0,0,0,0,1,0,1,1,0,1,1,0,0,1,1,1,1,1,1,1,0,1,1,1,1,1,1,1,1,0,0,0,1,0,0,1,0,1,1,1,1,,
Fri,May,1,0.612581019,2020,Benchmark,4,1,Test_m4_ul1.0_uh1.1_i1.1_-1-1_e84.dat,1,0,Average,17059983007,7684925182,8949411333,33841408987,778305049.6,2213806937,2193093853,2499719342,1457118287,3458619437,3198810102,2819931165,0,0,0,0,1,0,0,0,1,0,1,0,0,0,0,1,1,1,0,1,0,1,1,0,1,1,1,1,1,1,1,0,1,1,1,1,1,1,1,1,0,0,0,1,0,0,1,0,1,1,1,1,,
Fri,May,1,0.612719907,2020,Benchmark,4,1,Test_m4_ul1.0_uh1.1_i1.1_-1-1_e85.dat,1,0,Average,17048797714,7298802780,8908265737,33818323657,713960564.3,1982713024,2121721672,2480407520,1502776005,3739476242,3318245523,2884895862,0,0,0,0,1,0,0,0,1,0,1,0,0,0,0,1,1,0,1,0,1,1,0,0,1,1,1,1,1,1,1,0,1,1,1,1,1,1,1,1,0,0,0,1,0,0,1,0,1,1,1,1,,
Fri,May,1,0.612835648,2020,Benchmark,4,1,Test_m4_ul1.0_uh1.1_i1.1_-1-1_e86.dat,1,0,Average,17039942926,7462418876,8938078333,33919887987,725271429.3,2082777623,2193486575,2460883249,1459635581,3495699907,3313998261,2888731491,0,0,0,1,0,0,0,0,1,1,0,1,0,0,0,0,1,1,1,0,0,1,1,1,1,1,1,1,1,1,1,0,1,1,1,1,1,1,1,1,0,0,0,1,0,0,0,0,1,1,1,1,,
Fri,May,1,0.612951389,2020,Benchmark,4,1,Test_m4_ul1.0_uh1.1_i1.1_-1-1_e87.dat,1,0,Average,16903910605,7595633878,8779951247,33538243128,747120268.2,2251450521,2147674102,2449388986,1194018035,3401753604,3210268863,2853264742,0,0,0,0,1,0,0,0,1,0,1,0,0,0,1,1,0,1,0,1,1,0,1,0,1,1,1,1,1,1,1,0,1,1,1,1,1,1,1,1,0,0,0,1,0,0,1,0,1,1,1,1,,
Fri,May,1,0.61306713,2020,Benchmark,4,1,Test_m4_ul1.0_uh1.1_i1.1_-1-1_e88.dat,1,0,Average,17101309245,7389351633,8935945809,33932265677,671293155.2,2004701379,2224242814,2489114285,1294180201,3933575796,3212272798,2939077210,0,0,0,1,0,0,0,0,1,0,1,0,0,0,0,1,1,0,1,0,1,1,0,0,1,1,1,1,1,1,1,0,1,1,1,1,1,1,1,1,0,0,0,1,0,0,1,0,1,1,1,1,,
Fri,May,1,0.61318287,2020,Benchmark,4,1,Test_m4_ul1.0_uh1.1_i1.1_-1-1_e89.dat,1,0,Average,16887365607,7417343100,8746615178,33537196096,832850054.8,2130449243,1975196893,2478846909,1228176032,3469591713,3420105671,2907458482,0,0,0,1,0,0,0,0,1,0,1,0,0,0,0,1,1,0,1,1,0,1,1,0,1,1,1,1,1,1,1,0,1,1,1,1,1,1,1,1,0,0,0,1,0,0,1,0,1,1,1,1,,
Fri,May,1,0.613310185,2020,Benchmark,4,1,Test_m4_ul1.0_uh1.1_i1.1_-1-1_e90.dat,1,0,Average,16978149157,7487400681,8867052630,33711087656,918661766.9,2076609984,2026064310,2466064619,1421949067,3753765898,3095615596,2839200902,0,0,0,1,0,0,0,0,1,1,1,0,0,0,0,1,1,1,0,0,1,1,0,0,1,1,1,1,1,1,1,0,1,1,1,1,1,1,1,1,0,0,0,0,0,0,0,0,1,1,1,1,,
Fri,May,1,0.613425926,2020,Benchmark,4,1,Test_m4_ul1.0_uh1.1_i1.1_-1-1_e91.dat,1,0,Average,16912129344,7580477041,8787764527,33590294097,876395859.6,2016965772,2208908638,2478206772,1328531395,3402823317,3167612811,2862118701,0,0,0,0,1,0,0,0,1,0,1,0,0,0,1,1,0,1,0,0,1,1,0,0,1,1,1,1,1,1,1,0,1,1,1,1,1,1,1,1,0,0,0,1,0,0,1,0,1,1,1,1,,
Fri,May,1,0.613541667,2020,Benchmark,4,1,Test_m4_ul1.0_uh1.1_i1.1_-1-1_e92.dat,1,0,Average,16830797344,7280423820,8757833561,33492030899,718236308.2,2126403883,2023125872,2412657757,1376259612,3633276490,3328714442,2792267437,0,0,0,1,0,0,0,0,1,0,1,1,0,0,0,1,1,1,0,0,1,1,0,0,1,1,1,1,1,1,1,0,1,1,1,1,1,1,1,1,0,0,0,0,0,0,0,0,1,1,1,1,,
Fri,May,1,0.613668981,2020,Benchmark,4,1,Test_m4_ul1.0_uh1.1_i1.1_-1-1_e93.dat,1,0,Average,16757750827,7353861346,8830329686,33260931994,837795107.7,2050515411,2049817035,2415733793,1430087059,3668924671,3167634969,2807161819,0,0,1,0,0,0,0,0,1,0,1,0,0,0,1,1,0,0,1,0,1,1,0,0,1,1,1,1,1,1,1,0,1,1,1,1,1,1,1,1,0,0,0,1,0,0,1,0,1,1,1,1,,
Fri,May,1,0.613796296,2020,Benchmark,4,1,Test_m4_ul1.0_uh1.1_i1.1_-1-1_e94.dat,1,0,Average,16909419430,7457332932,8842155667,33533931899,735750606.6,2217144788,2059232499,2445205038,1238544776,3713549629,3260486815,2873053280,0,0,0,1,0,0,0,0,1,0,1,0,0,0,1,0,1,0,1,0,1,1,0,0,1,1,1,1,1,1,1,0,1,1,1,1,1,1,1,1,0,0,0,1,0,0,1,0,1,1,1,1,,
Fri,May,1,0.613912037,2020,Benchmark,4,1,Test_m4_ul1.0_uh1.1_i1.1_-1-1_e95.dat,1,0,Average,16876734613,7647627910,8826091442,33505242292,812970253.3,2190138820,2201343386,2443175450,1478419963,3185643287,3174444959,2808207417,0,0,0,1,0,0,0,0,1,0,1,1,0,0,0,1,0,1,1,0,1,1,0,0,1,1,1,1,1,1,1,0,1,1,1,1,1,1,1,1,0,0,0,0,0,0,0,0,1,1,1,1,,
Fri,May,1,0.614039352,2020,Benchmark,4,1,Test_m4_ul1.0_uh1.1_i1.1_-1-1_e96.dat,1,0,Average,16982414259,7310477630,8889898177,33683923489,582943644.8,2193472863,2073870659,2460190463,1595016832,3516391575,3303743712,2894414329,0,0,1,0,0,0,0,0,1,0,1,1,0,0,0,1,1,0,1,0,1,0,1,1,1,1,1,1,1,1,1,0,1,1,1,1,1,1,1,1,0,0,0,0,0,0,0,0,1,1,1,1,,
Fri,May,1,0.614143519,2020,Benchmark,4,1,Test_m4_ul1.0_uh1.1_i1.1_-1-1_e97.dat,1,0,Average,17049583463,7466434942,8910620731,33839815054,880913789.8,2126635316,1990257686,2468628151,1437597129,3637664966,3232184734,2834906773,0,0,0,1,0,0,0,0,1,0,1,0,0,0,1,1,0,1,0,0,1,1,0,0,1,1,1,1,1,1,1,0,1,1,1,1,1,1,1,1,0,0,0,1,0,0,1,0,1,1,1,1,,
Fri,May,1,0.614270833,2020,Benchmark,4,1,Test_m4_ul1.0_uh1.1_i1.1_-1-1_e98.dat,1,0,Average,17073423639,7691527517,8859620845,33880338871,758896626.1,2231345918,2217150101,2484134871,1155642109,3683339725,3183455282,2857489276,0,0,0,0,1,0,0,0,1,0,1,0,0,0,1,0,1,0,1,0,1,1,0,0,1,1,1,1,1,1,1,0,1,1,1,1,1,1,1,1,0,0,0,1,0,0,1,0,1,1,1,1,,
Fri,May,1,0.614398148,2020,Benchmark,4,1,Test_m4_ul1.0_uh1.1_i1.1_-1-1_e99.dat,1,0,Average,17099996398,7509838914,8917268117,33859637660,820428467.1,2164212435,2037664422,2487533590,1283024081,3761999588,3338626276,2812334893,0,0,0,0,1,0,0,0,1,0,1,0,0,0,1,1,0,0,1,0,1,1,0,0,1,1,1,1,1,1,1,0,1,1,1,1,1,1,1,1,0,0,0,1,0,0,1,0,1,1,1,1,,
Fri,May,1,0.614502315,2020,Benchmark,4,1,Test_m4_ul1.0_uh1.1_i1.1_-1-1_e100.dat,1,0,Average,16890468082,7335888077,8774899215,33637038798,824329342.2,2245825017,1804073377,2461660342,1286090070,3674899396,3455021807,2837286025,0,0,0,0,1,0,0,0,1,0,1,0,0,0,0,1,1,1,0,0,1,1,0,0,1,1,1,1,1,1,1,0,1,1,1,1,1,1,1,1,0,0,0,1,0,0,1,0,1,1,1,1,,
Fri,May,1,0.636215278,2020,Lump-sum,4,1,Test_m4_ul1.0_uh1.1_i1.1_-1-1_e1.dat,1,0,Average,16273412025,8136706013,8136706013,32546824050,1198898002,2695828129,2684392413,1557587468,1198898002,2695828129,2684392413,2995220432,0,0,0,0,1,0,0,0,1,0,1,0,0,0,1,1,0,0,1,0,1,1,0,0,1,1,1,1,1,1,1,0,1,1,1,1,1,1,1,1,0,0,0,1,0,0,1,0,1,1,1,1,29,1
Fri,May,1,0.636215278,2020,Lump-sum,4,1,Test_m4_ul1.0_uh1.1_i1.1_-1-1_e2.dat,1,0,Average,16179220608,8089610304,8089610304,32358441216,1097885359,2710448262,2754490137,1526786546,1097885359,2710448262,2754490137,2995220432,0,0,0,0,1,0,0,0,1,0,1,0,0,0,0,0,1,1,1,0,1,1,0,0,1,1,1,1,1,1,1,0,1,1,1,1,1,1,1,1,0,0,0,1,0,0,1,0,1,1,1,1,29,1
Fri,May,1,0.636215278,2020,Lump-sum,4,1,Test_m4_ul1.0_uh1.1_i1.1_-1-1_e3.dat,1,0,Average,16024629383,8012314691,8012314691,32049258765,1192318078,2625700856,2736808416,1457487341,1192318078,2625700856,2736808416,2995220432,0,0,1,0,0,0,0,0,1,0,1,0,1,0,1,1,0,0,1,0,1,1,0,0,1,1,1,1,1,1,1,0,1,1,1,1,1,1,1,1,0,0,0,0,0,0,0,0,1,1,1,1,28,1
Fri,May,1,0.636215278,2020,Lump-sum,4,1,Test_m4_ul1.0_uh1.1_i1.1_-1-1_e4.dat,1,0,Average,16113586116,8056793058,8056793058,32227172231,1206299758,2705532085,2722329212,1422632003,1206299758,2705532085,2722329212,2995220432,0,0,1,0,0,0,0,0,1,0,1,0,0,0,1,0,1,0,1,0,1,1,0,0,1,1,1,1,1,1,1,0,1,1,1,1,1,1,1,1,0,0,0,1,0,0,1,0,1,1,1,1,29,1
Fri,May,1,0.636215278,2020,Lump-sum,4,1,Test_m4_ul1.0_uh1.1_i1.1_-1-1_e5.dat,1,0,Average,16117624911,8058812455,8058812455,32235249821,1007452270,2733778489,2777959640,1539622056,1007452270,2733778489,2777959640,2995220432,0,0,1,0,0,0,0,0,1,1,1,0,0,0,1,1,0,0,1,1,0,1,1,0,1,1,1,1,1,1,1,0,1,1,1,1,1,1,1,1,0,0,0,0,0,0,0,0,1,1,1,1,29,1
Fri,May,1,0.636215278,2020,Lump-sum,4,1,Test_m4_ul1.0_uh1.1_i1.1_-1-1_e6.dat,1,0,Average,16387424475,8193712237,8193712237,32774848949,1009831806,2871857432,2771187048,1540835951,1009831806,2871857432,2771187048,2995220432,0,0,0,1,0,0,0,0,1,1,1,0,0,0,0,1,0,1,1,0,1,1,0,0,1,1,1,1,1,1,1,0,1,1,1,1,1,1,1,1,0,0,0,0,0,0,0,0,1,1,1,1,27,0.964285714
Fri,May,1,0.636215278,2020,Lump-sum,4,1,Test_m4_ul1.0_uh1.1_i1.1_-1-1_e7.dat,1,0,Average,16290826171,8145413085,8145413085,32581652341,1043713310,2841959799,2720078474,1539661502,1043713310,2841959799,2720078474,2995220432,0,0,1,0,0,0,0,0,1,0,1,1,0,0,1,0,1,1,0,0,1,1,0,0,1,1,1,1,1,1,1,0,1,1,1,1,1,1,1,1,0,0,0,0,0,0,0,0,1,1,1,1,27,0.947514249
Fri,May,1,0.636215278,2020,Lump-sum,4,1,Test_m4_ul1.0_uh1.1_i1.1_-1-1_e8.dat,1,0,Average,16233099854,8116549927,8116549927,32466199708,1038545223,2780313806,2752716283,1544974614,1038545223,2780313806,2752716283,2995220432,0,0,0,0,1,0,0,0,1,0,1,0,0,0,1,1,1,0,0,0,1,1,0,0,1,1,1,1,1,1,1,0,1,1,1,1,1,1,1,1,0,0,0,1,0,0,1,0,1,1,1,1,29,1
Fri,May,1,0.636215278,2020,Lump-sum,4,1,Test_m4_ul1.0_uh1.1_i1.1_-1-1_e9.dat,1,0,Average,15971854183,7985927092,7985927092,31943708367,975221923.5,2870478148,2704073723,1436153297,975221923.5,2870478148,2704073723,2995220432,0,0,1,0,0,0,0,0,1,0,1,0,0,0,0,0,1,1,1,0,1,1,0,0,1,1,1,1,1,1,1,0,1,1,1,1,1,1,1,1,0,0,0,1,0,0,1,0,1,1,1,1,29,1
Fri,May,1,0.636215278,2020,Lump-sum,4,1,Test_m4_ul1.0_uh1.1_i1.1_-1-1_e10.dat,1,0,Average,16206779719,8103389859,8103389859,32413559437,1226685326,2661934779,2721490972,1493278781,1226685326,2661934779,2721490972,2995220432,0,0,0,0,1,0,0,0,1,0,1,0,0,0,1,0,0,1,1,0,1,1,0,0,1,1,1,1,1,1,1,0,1,1,1,1,1,1,1,1,0,0,0,1,0,0,1,0,1,1,1,1,29,1
Fri,May,1,0.636215278,2020,Lump-sum,4,1,Test_m4_ul1.0_uh1.1_i1.1_-1-1_e11.dat,1,0,Average,16188777662,8094388831,8094388831,32377555324,1149293876,2721722569,2741239519,1482132867,1149293876,2721722569,2741239519,2995220432,0,0,0,1,0,0,0,0,1,0,1,0,0,0,0,1,1,1,0,0,1,1,0,0,1,1,1,1,1,1,1,0,1,1,1,1,1,1,1,1,0,0,0,1,0,0,1,0,1,1,1,1,29,1
Fri,May,1,0.636215278,2020,Lump-sum,4,1,Test_m4_ul1.0_uh1.1_i1.1_-1-1_e12.dat,1,0,Average,16114276274,8057138137,8057138137,32228552549,1015235342,2799101076,2726896327,1515905392,1015235342,2799101076,2726896327,2995220432,0,0,0,1,0,0,0,0,1,0,1,0,0,0,1,0,1,0,1,0,1,1,0,0,1,1,1,1,1,1,1,0,1,1,1,1,1,1,1,1,0,0,0,1,0,0,1,0,1,1,1,1,28,0.965517241
Fri,May,1,0.636215278,2020,Lump-sum,4,1,Test_m4_ul1.0_uh1.1_i1.1_-1-1_e13.dat,1,0,Average,16136192692,8068096346,8068096346,32272385383,927309660.5,2970761382,2688741002,1481284302,927309660.5,2970761382,2688741002,2995220432,0,0,0,0,1,0,0,0,1,0,1,0,0,0,1,1,1,0,0,0,1,1,0,0,1,1,1,1,1,1,1,0,1,1,1,1,1,1,1,1,0,0,0,1,0,0,1,0,1,1,1,1,29,1
Fri,May,1,0.636226852,2020,Lump-sum,4,1,Test_m4_ul1.0_uh1.1_i1.1_-1-1_e14.dat,1,0,Average,16201740593,8100870297,8100870297,32403481186,1221850881,2628448953,2705864768,1544705694,1221850881,2628448953,2705864768,2995220432,0,0,1,0,0,0,0,0,1,1,1,0,0,0,1,0,1,0,1,0,1,0,1,1,1,1,1,1,1,1,1,0,1,1,1,1,1,1,1,1,0,0,0,0,0,0,0,0,1,1,1,1,29,1
Fri,May,1,0.636226852,2020,Lump-sum,4,1,Test_m4_ul1.0_uh1.1_i1.1_-1-1_e15.dat,1,0,Average,16242024903,8121012452,8121012452,32484049807,1125269979,2787971135,2685882215,1521889123,1125269979,2787971135,2685882215,2995220432,0,0,1,0,0,0,0,0,1,0,1,0,0,0,1,0,1,1,0,0,1,1,0,0,1,1,1,1,1,1,1,0,1,1,1,1,1,1,1,1,0,0,0,1,0,0,1,0,1,1,1,1,29,1
Fri,May,1,0.636226852,2020,Lump-sum,4,1,Test_m4_ul1.0_uh1.1_i1.1_-1-1_e16.dat,1,0,Average,16227578151,8113789076,8113789076,32455156302,978464391.3,2930458409,2726266764,1478599511,978464391.3,2930458409,2726266764,2995220432,0,0,0,0,1,0,0,0,1,0,1,0,0,0,1,0,1,1,0,0,0,1,1,1,1,1,1,1,1,1,1,0,1,1,1,1,1,1,1,1,0,0,0,1,0,0,1,0,1,1,1,1,30,1
Fri,May,1,0.636226852,2020,Lump-sum,4,1,Test_m4_ul1.0_uh1.1_i1.1_-1-1_e17.dat,1,0,Average,16127730734,8063865367,8063865367,32255461469,941445093.1,2833990940,2801070163,1487359171,941445093.1,2833990940,2801070163,2995220432,0,0,1,0,0,0,0,0,1,0,1,0,1,0,1,0,1,1,0,0,1,1,0,0,1,1,1,1,1,1,1,0,1,1,1,1,1,1,1,1,0,0,0,0,0,0,0,0,1,1,1,1,28,1
Fri,May,1,0.636226852,2020,Lump-sum,4,1,Test_m4_ul1.0_uh1.1_i1.1_-1-1_e18.dat,1,0,Average,16104525569,8052262784,8052262784,32209051138,956088025.5,2953308021,2706938055,1435928684,956088025.5,2953308021,2706938055,2995220432,0,0,1,0,0,0,0,0,1,0,1,0,0,0,0,1,1,1,0,1,0,1,1,0,1,1,1,1,1,1,1,0,1,1,1,1,1,1,1,1,0,0,0,1,0,0,1,0,1,1,1,1,30,1
Fri,May,1,0.636226852,2020,Lump-sum,4,1,Test_m4_ul1.0_uh1.1_i1.1_-1-1_e19.dat,1,0,Average,16286989778,8143494889,8143494889,32573979556,1159410061,2745535154,2667638029,1570911646,1159410061,2745535154,2667638029,2995220432,0,0,1,0,0,0,0,0,1,0,1,0,0,0,1,1,0,0,1,0,1,1,0,0,1,1,1,1,1,1,1,0,1,1,1,1,1,1,1,1,0,0,0,1,0,0,1,0,1,1,1,1,29,1
Fri,May,1,0.636226852,2020,Lump-sum,4,1,Test_m4_ul1.0_uh1.1_i1.1_-1-1_e20.dat,1,0,Average,16213398972,8106699486,8106699486,32426797943,1183914632,2708551481,2710070332,1504163041,1183914632,2708551481,2710070332,2995220432,0,0,0,0,1,0,0,0,1,0,1,0,0,0,0,1,1,0,1,0,0,1,1,1,1,1,1,1,1,1,1,0,1,1,1,1,1,1,1,1,0,0,0,1,0,0,1,0,1,1,1,1,30,1
Fri,May,1,0.636226852,2020,Lump-sum,4,1,Test_m4_ul1.0_uh1.1_i1.1_-1-1_e21.dat,1,0,Average,16068199692,8034099846,8034099846,32136399385,996156943,2927587936,2659375944,1450979023,996156943,2927587936,2659375944,2995220432,0,0,0,1,0,0,0,0,1,0,1,0,0,0,1,0,0,1,1,0,1,1,0,0,1,1,1,1,1,1,1,0,1,1,1,1,1,1,1,1,0,0,0,1,0,0,1,0,1,1,1,1,27,0.947514249
Fri,May,1,0.636226852,2020,Lump-sum,4,1,Test_m4_ul1.0_uh1.1_i1.1_-1-1_e22.dat,1,0,Average,16103152790,8051576395,8051576395,32206305581,1121361618,2689761249,2774504686,1465948841,1121361618,2689761249,2774504686,2995220432,0,0,1,0,0,0,0,0,1,0,1,0,0,0,1,1,0,1,0,0,1,1,0,0,1,1,1,1,1,1,1,0,1,1,1,1,1,1,1,1,0,0,0,1,0,0,1,0,1,1,1,1,29,1
Fri,May,1,0.636226852,2020,Lump-sum,4,1,Test_m4_ul1.0_uh1.1_i1.1_-1-1_e23.dat,1,0,Average,16072431789,8036215895,8036215895,32144863579,1219091827,2598894551,2742837571,1475391945,1219091827,2598894551,2742837571,2995220432,0,0,0,0,1,0,0,0,1,0,1,0,0,0,0,0,1,1,1,0,1,1,0,0,1,1,1,1,1,1,1,0,1,1,1,1,1,1,1,1,0,0,0,1,0,0,1,0,1,1,1,1,29,1
Fri,May,1,0.636226852,2020,Lump-sum,4,1,Test_m4_ul1.0_uh1.1_i1.1_-1-1_e24.dat,1,0,Average,16217295509,8108647755,8108647755,32434591019,990864294.9,2958749101,2646529261,1512505097,990864294.9,2958749101,2646529261,2995220432,0,0,0,0,1,0,0,0,1,0,1,0,0,0,1,1,1,0,0,0,1,1,0,0,1,1,1,1,1,1,1,0,1,1,1,1,1,1,1,1,0,0,0,1,0,0,1,0,1,1,1,1,29,1
Fri,May,1,0.636226852,2020,Lump-sum,4,1,Test_m4_ul1.0_uh1.1_i1.1_-1-1_e25.dat,1,0,Average,16170481672,8085240836,8085240836,32340963343,1037220957,2761016645,2808778957,1478224276,1037220957,2761016645,2808778957,2995220432,0,0,0,0,1,0,0,0,1,0,1,0,0,0,0,1,0,1,1,1,0,1,1,0,1,1,1,1,1,1,1,0,1,1,1,1,1,1,1,1,0,0,0,1,0,0,1,0,1,1,1,1,30,1
Fri,May,1,0.636226852,2020,Lump-sum,4,1,Test_m4_ul1.0_uh1.1_i1.1_-1-1_e26.dat,1,0,Average,15986149716,7993074858,7993074858,31972299432,928634124.3,2907511308,2733420340,1423509086,928634124.3,2907511308,2733420340,2995220432,0,0,1,0,0,0,0,0,1,0,1,0,0,0,0,1,0,1,1,0,1,1,0,0,1,1,1,1,1,1,1,0,1,1,1,1,1,1,1,1,0,0,0,1,0,0,1,0,1,1,1,1,29,1
Fri,May,1,0.636226852,2020,Lump-sum,4,1,Test_m4_ul1.0_uh1.1_i1.1_-1-1_e27.dat,1,0,Average,16023294905,8011647452,8011647452,32046589809,1006510773,2746013800,2776969626,1482153254,1006510773,2746013800,2776969626,2995220432,0,0,0,1,0,1,0,0,1,0,1,0,0,0,1,1,0,1,0,0,1,1,0,0,1,1,1,1,1,1,1,0,1,1,1,1,1,1,1,1,0,0,0,0,0,0,0,0,1,1,1,1,27,0.964285714
Fri,May,1,0.636226852,2020,Lump-sum,4,1,Test_m4_ul1.0_uh1.1_i1.1_-1-1_e28.dat,1,0,Average,16183490081,8091745041,8091745041,32366980163,917483081.1,2901350622,2742759030,1530152308,917483081.1,2901350622,2742759030,2995220432,0,0,0,1,0,0,0,0,1,0,1,0,1,0,0,0,1,1,1,0,1,1,0,0,1,1,1,1,1,1,1,0,1,1,1,1,1,1,1,1,0,0,0,0,0,0,0,0,1,1,1,1,28,1
Fri,May,1,0.636226852,2020,Lump-sum,4,1,Test_m4_ul1.0_uh1.1_i1.1_-1-1_e29.dat,1,0,Average,16341454805,8170727402,8170727402,32682909609,957895162.3,2938320776,2746469009,1528042455,957895162.3,2938320776,2746469009,2995220432,0,0,0,0,1,0,0,0,1,0,1,0,0,0,0,0,1,1,1,0,1,1,1,0,1,1,1,1,1,1,1,0,1,1,1,1,1,1,1,1,0,0,0,1,0,0,1,0,1,1,1,1,29,0.98319208
Fri,May,1,0.636226852,2020,Lump-sum,4,1,Test_m4_ul1.0_uh1.1_i1.1_-1-1_e30.dat,1,0,Average,16232418787,8116209393,8116209393,32464837574,1061168430,2739255182,2768793893,1546991888,1061168430,2739255182,2768793893,2995220432,0,0,1,0,0,0,0,0,1,0,1,1,0,0,1,1,0,1,0,0,1,1,0,0,1,1,1,1,1,1,1,0,1,1,1,1,1,1,1,1,0,0,0,0,0,0,0,0,1,1,1,1,28,1
Fri,May,1,0.636226852,2020,Lump-sum,4,1,Test_m4_ul1.0_uh1.1_i1.1_-1-1_e31.dat,1,0,Average,16017999007,8008999504,8008999504,32035998014,936961018.3,2985091958,2632453262,1454493265,936961018.3,2985091958,2632453262,2995220432,0,0,0,1,0,0,0,0,1,0,1,0,0,0,1,0,1,1,0,1,1,0,1,0,1,1,1,1,1,1,1,0,1,1,1,1,1,1,1,1,0,0,0,1,0,0,1,0,1,1,1,1,30,1
Fri,May,1,0.636226852,2020,Lump-sum,4,1,Test_m4_ul1.0_uh1.1_i1.1_-1-1_e32.dat,1,0,Average,16197516623,8098758311,8098758311,32395033245,985668770.1,2877106792,2735573661,1500409088,985668770.1,2877106792,2735573661,2995220432,0,0,0,0,1,0,0,0,1,0,1,0,0,0,0,1,1,1,0,0,1,1,0,0,1,1,1,1,1,1,1,0,1,1,1,1,1,1,1,1,0,0,0,1,0,0,1,0,1,1,1,1,29,1
Fri,May,1,0.636226852,2020,Lump-sum,4,1,Test_m4_ul1.0_uh1.1_i1.1_-1-1_e33.dat,1,0,Average,16095878440,8047939220,8047939220,32191756880,1133447710,2688168708,2741210988,1485111813,1133447710,2688168708,2741210988,2995220432,0,0,0,1,0,0,0,0,1,0,1,1,0,0,1,1,0,0,1,0,1,1,0,0,1,1,1,1,1,1,1,0,1,1,1,1,1,1,1,1,0,0,0,0,0,0,0,0,1,1,1,1,28,1
Fri,May,1,0.636226852,2020,Lump-sum,4,1,Test_m4_ul1.0_uh1.1_i1.1_-1-1_e34.dat,1,0,Average,15993852834,7996926417,7996926417,31987705669,958288530.7,2864013544,2749323709,1425300633,958288530.7,2864013544,2749323709,2995220432,0,0,0,0,1,0,0,0,1,0,1,0,0,0,1,1,0,1,0,0,1,1,0,0,1,1,1,1,1,1,1,0,1,1,1,1,1,1,1,1,0,0,0,1,0,0,1,0,1,1,1,1,29,1
Fri,May,1,0.636226852,2020,Lump-sum,4,1,Test_m4_ul1.0_uh1.1_i1.1_-1-1_e35.dat,1,0,Average,15995100238,7997550119,7997550119,31990200477,1195914356,2590895366,2738042750,1472697647,1195914356,2590895366,2738042750,2995220432,0,0,1,0,0,0,0,0,1,0,1,1,0,0,1,0,0,1,1,0,1,1,0,0,1,1,1,1,1,1,1,0,1,1,1,1,1,1,1,1,0,0,0,0,0,0,0,0,1,1,1,1,28,1
Fri,May,1,0.636226852,2020,Lump-sum,4,1,Test_m4_ul1.0_uh1.1_i1.1_-1-1_e36.dat,1,0,Average,16215592616,8107796308,8107796308,32431185232,1061207110,2775757056,2797774176,1473057967,1061207110,2775757056,2797774176,2995220432,0,0,1,0,0,0,0,0,1,0,1,0,0,0,1,0,0,1,1,0,1,1,0,0,1,1,1,1,1,1,1,0,1,1,1,1,1,1,1,1,0,0,0,1,0,0,1,0,1,1,1,1,27,0.947514249
Fri,May,1,0.636226852,2020,Lump-sum,4,1,Test_m4_ul1.0_uh1.1_i1.1_-1-1_e37.dat,1,0,Average,16048008574,8024004287,8024004287,32096017147,1156224343,2644858998,2785544295,1437376650,1156224343,2644858998,2785544295,2995220432,0,0,0,1,0,1,0,0,1,0,1,0,0,0,1,0,1,0,1,0,1,1,0,0,1,1,1,1,1,1,1,0,1,1,1,1,1,1,1,1,0,0,0,0,0,0,0,0,1,1,1,1,26,0.928571429
Fri,May,1,0.636226852,2020,Lump-sum,4,1,Test_m4_ul1.0_uh1.1_i1.1_-1-1_e38.dat,1,0,Average,16234443604,8117221802,8117221802,32468887209,1031932747,2860552227,2704483318,1520253510,1031932747,2860552227,2704483318,2995220432,0,0,0,0,1,0,0,0,1,0,1,0,0,0,1,1,1,0,0,0,1,1,0,0,1,1,1,1,1,1,1,0,1,1,1,1,1,1,1,1,0,0,0,1,0,0,1,0,1,1,1,1,29,1
Fri,May,1,0.636226852,2020,Lump-sum,4,1,Test_m4_ul1.0_uh1.1_i1.1_-1-1_e39.dat,1,0,Average,16327490544,8163745272,8163745272,32654981089,1183203689,2666701151,2737150176,1576690256,1183203689,2666701151,2737150176,2995220432,0,0,1,0,0,0,0,0,1,0,1,0,0,0,1,0,1,1,0,0,1,1,0,0,1,1,1,1,1,1,1,0,1,1,1,1,1,1,1,1,0,0,0,1,0,0,1,0,1,1,1,1,29,1
Fri,May,1,0.636226852,2020,Lump-sum,4,1,Test_m4_ul1.0_uh1.1_i1.1_-1-1_e40.dat,1,0,Average,16166310878,8083155439,8083155439,32332621757,932389341.7,2953876294,2652410029,1544479774,932389341.7,2953876294,2652410029,2995220432,0,0,0,0,1,0,0,0,1,0,1,0,0,0,1,0,1,1,0,0,1,1,0,0,1,1,1,1,1,1,1,0,1,1,1,1,1,1,1,1,0,0,0,1,0,0,1,0,1,1,1,1,29,1
Fri,May,1,0.636238426,2020,Lump-sum,4,1,Test_m4_ul1.0_uh1.1_i1.1_-1-1_e41.dat,1,0,Average,16093681061,8046840531,8046840531,32187362123,1132932894,2646669142,2814204144,1453034351,1132932894,2646669142,2814204144,2995220432,0,0,0,0,1,0,0,0,1,0,1,0,0,0,1,1,0,0,1,0,1,1,0,0,1,1,1,1,1,1,1,0,1,1,1,1,1,1,1,1,0,0,0,1,0,0,1,0,1,1,1,1,29,1
Fri,May,1,0.636238426,2020,Lump-sum,4,1,Test_m4_ul1.0_uh1.1_i1.1_-1-1_e42.dat,1,0,Average,16134536847,8067268424,8067268424,32269073694,1163996273,2660651663,2760391539,1482228949,1163996273,2660651663,2760391539,2995220432,0,0,0,0,1,0,0,0,1,0,1,0,0,0,1,0,1,0,1,0,1,1,0,0,1,1,1,1,1,1,1,0,1,1,1,1,1,1,1,1,0,0,0,1,0,0,1,0,1,1,1,1,28,0.965517241
Fri,May,1,0.636238426,2020,Lump-sum,4,1,Test_m4_ul1.0_uh1.1_i1.1_-1-1_e43.dat,1,0,Average,16220507792,8110253896,8110253896,32441015585,983162555.7,2836805927,2802257585,1488027828,983162555.7,2836805927,2802257585,2995220432,0,0,0,1,0,0,0,0,1,0,1,1,0,0,0,0,1,1,1,1,1,0,1,0,1,1,1,1,1,1,1,0,1,1,1,1,1,1,1,1,0,0,0,0,0,0,0,0,1,1,1,1,29,1
Fri,May,1,0.636238426,2020,Lump-sum,4,1,Test_m4_ul1.0_uh1.1_i1.1_-1-1_e44.dat,1,0,Average,16335678463,8167839231,8167839231,32671356925,988493913,2838420014,2776023151,1564902153,988493913,2838420014,2776023151,2995220432,0,0,0,0,1,0,0,0,1,0,1,0,0,0,0,1,0,1,1,0,1,1,0,0,1,1,1,1,1,1,1,0,1,1,1,1,1,1,1,1,0,0,0,1,0,0,1,0,1,1,1,1,29,1
Fri,May,1,0.636238426,2020,Lump-sum,4,1,Test_m4_ul1.0_uh1.1_i1.1_-1-1_e45.dat,1,0,Average,15904672334,7952336167,7952336167,31809344668,934123807.9,2805190261,2761154217,1451867881,934123807.9,2805190261,2761154217,2995220432,0,0,0,0,1,0,0,0,1,0,1,0,0,0,1,0,1,1,0,0,1,1,0,0,1,1,1,1,1,1,1,0,1,1,1,1,1,1,1,1,0,0,0,1,0,0,1,0,1,1,1,1,28,0.965517241
Fri,May,1,0.636238426,2020,Lump-sum,4,1,Test_m4_ul1.0_uh1.1_i1.1_-1-1_e46.dat,1,0,Average,16204359271,8102179636,8102179636,32408718542,914328511.6,2975324917,2694606556,1517919651,914328511.6,2975324917,2694606556,2995220432,0,0,1,0,0,0,0,0,1,0,1,1,0,0,0,1,1,0,1,1,1,0,1,0,1,1,1,1,1,1,1,0,1,1,1,1,1,1,1,1,0,0,0,0,0,0,0,0,1,1,1,1,27,0.947514249
Fri,May,1,0.636238426,2020,Lump-sum,4,1,Test_m4_ul1.0_uh1.1_i1.1_-1-1_e47.dat,1,0,Average,16183612851,8091806425,8091806425,32367225702,1201006554,2643513529,2734591377,1512694966,1201006554,2643513529,2734591377,2995220432,0,0,0,1,0,0,0,0,1,0,1,0,0,0,0,1,0,1,1,0,1,1,0,0,1,1,1,1,1,1,1,0,1,1,1,1,1,1,1,1,0,0,0,1,0,0,1,0,1,1,1,1,28,0.965517241
Fri,May,1,0.636238426,2020,Lump-sum,4,1,Test_m4_ul1.0_uh1.1_i1.1_-1-1_e48.dat,1,0,Average,16255883949,8127941975,8127941975,32511767899,1166155948,2679211752,2711493758,1571080516,1166155948,2679211752,2711493758,2995220432,0,0,0,1,0,1,0,0,1,0,1,0,0,0,1,1,0,1,0,0,1,1,0,0,1,1,1,1,1,1,1,0,1,1,1,1,1,1,1,1,0,0,0,0,0,0,0,0,1,1,1,1,28,1
Fri,May,1,0.636238426,2020,Lump-sum,4,1,Test_m4_ul1.0_uh1.1_i1.1_-1-1_e49.dat,1,0,Average,16171448335,8085724168,8085724168,32342896671,934684005.2,2948750263,2728390951,1473898949,934684005.2,2948750263,2728390951,2995220432,0,0,1,0,0,0,0,0,1,0,1,0,0,0,1,0,0,1,1,0,1,1,0,0,1,1,1,1,1,1,1,0,1,1,1,1,1,1,1,1,0,0,0,1,0,0,1,0,1,1,1,1,29,1
Fri,May,1,0.636238426,2020,Lump-sum,4,1,Test_m4_ul1.0_uh1.1_i1.1_-1-1_e50.dat,1,0,Average,16163693122,8081846561,8081846561,32327386244,1095709563,2726918202,2759531793,1499687003,1095709563,2726918202,2759531793,2995220432,0,0,1,0,0,0,0,0,1,0,1,0,1,0,1,0,0,1,1,0,1,1,0,0,1,1,1,1,1,1,1,0,1,1,1,1,1,1,1,1,0,0,0,0,0,0,0,0,1,1,1,1,27,0.947514249
Fri,May,1,0.636238426,2020,Lump-sum,4,1,Test_m4_ul1.0_uh1.1_i1.1_-1-1_e51.dat,1,0,Average,16216170446,8108085223,8108085223,32432340893,1041388196,2816955713,2740542245,1509199070,1041388196,2816955713,2740542245,2995220432,0,0,1,0,0,0,0,0,1,0,1,0,1,0,1,0,0,1,1,0,1,1,0,0,1,1,1,1,1,1,1,0,1,1,1,1,1,1,1,1,0,0,0,0,0,0,0,0,1,1,1,1,27,0.964285714
Fri,May,1,0.636238426,2020,Lump-sum,4,1,Test_m4_ul1.0_uh1.1_i1.1_-1-1_e52.dat,1,0,Average,16204934136,8102467068,8102467068,32409868272,1206710422,2689015771,2696426853,1510314022,1206710422,2689015771,2696426853,2995220432,0,0,0,0,1,0,0,0,1,0,1,0,0,0,1,1,1,0,0,0,1,1,0,0,1,1,1,1,1,1,1,0,1,1,1,1,1,1,1,1,0,0,0,1,0,0,1,0,1,1,1,1,29,1
Fri,May,1,0.636238426,2020,Lump-sum,4,1,Test_m4_ul1.0_uh1.1_i1.1_-1-1_e53.dat,1,0,Average,16149810795,8074905398,8074905398,32299621591,1006293518,2837247481,2772743984,1458620416,1006293518,2837247481,2772743984,2995220432,0,0,0,1,0,0,0,0,1,0,1,0,0,0,0,1,0,1,1,0,1,1,0,0,1,1,1,1,1,1,1,0,1,1,1,1,1,1,1,1,0,0,0,1,0,0,1,0,1,1,1,1,28,0.965517241
Fri,May,1,0.636238426,2020,Lump-sum,4,1,Test_m4_ul1.0_uh1.1_i1.1_-1-1_e54.dat,1,0,Average,16245118010,8122559005,8122559005,32490236019,1112586685,2683023718,2759698558,1567250045,1112586685,2683023718,2759698558,2995220432,0,0,1,0,0,0,0,0,1,0,1,0,0,0,1,1,0,1,0,0,1,1,0,0,1,1,1,1,1,1,1,0,1,1,1,1,1,1,1,1,0,0,0,1,0,0,1,0,1,1,1,1,29,1
Fri,May,1,0.636238426,2020,Lump-sum,4,1,Test_m4_ul1.0_uh1.1_i1.1_-1-1_e55.dat,1,0,Average,16241583581,8120791791,8120791791,32483167163,1097094258,2699970920,2795007474,1528719139,1097094258,2699970920,2795007474,2995220432,0,0,0,1,0,0,0,0,1,0,1,0,1,0,0,1,1,0,1,0,1,1,0,0,1,1,1,1,1,1,1,0,1,1,1,1,1,1,1,1,0,0,0,0,0,0,0,0,1,1,1,1,27,0.947514249
Fri,May,1,0.636238426,2020,Lump-sum,4,1,Test_m4_ul1.0_uh1.1_i1.1_-1-1_e56.dat,1,0,Average,16222197116,8111098558,8111098558,32444394231,1037214293,2778039187,2789919538,1505925539,1037214293,2778039187,2789919538,2995220432,0,0,0,0,1,0,0,0,1,0,1,0,0,0,1,1,0,1,0,1,0,1,1,0,1,1,1,1,1,1,1,0,1,1,1,1,1,1,1,1,0,0,0,1,0,0,1,0,1,1,1,1,30,1
Fri,May,1,0.636238426,2020,Lump-sum,4,1,Test_m4_ul1.0_uh1.1_i1.1_-1-1_e57.dat,1,0,Average,16141657472,8070828736,8070828736,32283314944,922181259.9,2969433714,2712037110,1467176652,922181259.9,2969433714,2712037110,2995220432,0,0,1,0,0,0,0,0,1,0,1,0,0,0,0,1,1,1,0,0,1,1,0,0,1,1,1,1,1,1,1,0,1,1,1,1,1,1,1,1,0,0,0,1,0,0,1,0,1,1,1,1,28,0.965517241
Fri,May,1,0.636238426,2020,Lump-sum,4,1,Test_m4_ul1.0_uh1.1_i1.1_-1-1_e58.dat,1,0,Average,15936510412,7968255206,7968255206,31873020824,965607077,2858272455,2704676499,1439699174,965607077,2858272455,2704676499,2995220432,0,0,0,1,0,0,0,0,1,0,1,1,0,0,0,1,0,1,1,0,1,1,0,0,1,1,1,1,1,1,1,0,1,1,1,1,1,1,1,1,0,0,0,0,0,0,0,0,1,1,1,1,28,1
Fri,May,1,0.636238426,2020,Lump-sum,4,1,Test_m4_ul1.0_uh1.1_i1.1_-1-1_e59.dat,1,0,Average,16225092182,8112546091,8112546091,32450184364,1150645868,2642287774,2805622620,1513989829,1150645868,2642287774,2805622620,2995220432,0,0,0,0,1,0,0,0,1,0,1,0,0,0,0,1,0,1,1,1,0,1,1,0,1,1,1,1,1,1,1,0,1,1,1,1,1,1,1,1,0,0,0,1,0,0,1,0,1,1,1,1,29,0.966666667
Fri,May,1,0.636238426,2020,Lump-sum,4,1,Test_m4_ul1.0_uh1.1_i1.1_-1-1_e60.dat,1,0,Average,16197776015,8098888007,8098888007,32395552030,932052643.4,2884773551,2816546707,1465515106,932052643.4,2884773551,2816546707,2995220432,0,0,0,0,1,0,0,0,1,0,1,0,0,0,1,0,0,1,1,1,0,1,1,0,1,1,1,1,1,1,1,0,1,1,1,1,1,1,1,1,0,0,0,1,0,0,1,0,1,1,1,1,30,1
Fri,May,1,0.636238426,2020,Lump-sum,4,1,Test_m4_ul1.0_uh1.1_i1.1_-1-1_e61.dat,1,0,Average,16213179060,8106589530,8106589530,32426358121,1175217009,2671220272,2770660523,1489491726,1175217009,2671220272,2770660523,2995220432,0,0,0,0,1,0,0,0,1,0,1,0,0,0,1,1,0,1,0,0,1,1,0,0,1,1,1,1,1,1,1,0,1,1,1,1,1,1,1,1,0,0,0,1,0,0,1,0,1,1,1,1,29,1
Fri,May,1,0.636238426,2020,Lump-sum,4,1,Test_m4_ul1.0_uh1.1_i1.1_-1-1_e62.dat,1,0,Average,16190752082,8095376041,8095376041,32381504164,1073256957,2758084322,2762485301,1501549462,1073256957,2758084322,2762485301,2995220432,0,0,1,0,0,1,0,0,1,0,1,0,0,0,0,0,1,1,1,0,1,1,0,0,1,1,1,1,1,1,1,0,1,1,1,1,1,1,1,1,0,0,0,0,0,0,0,0,1,1,1,1,27,0.964285714
Fri,May,1,0.636238426,2020,Lump-sum,4,1,Test_m4_ul1.0_uh1.1_i1.1_-1-1_e63.dat,1,0,Average,16280262784,8140131392,8140131392,32560525568,1022706362,2782794733,2840062603,1494567694,1022706362,2782794733,2840062603,2995220432,0,0,0,0,1,0,0,0,1,0,1,0,0,0,0,1,1,0,1,0,1,1,0,0,1,1,1,1,1,1,1,0,1,1,1,1,1,1,1,1,0,0,0,1,0,0,1,0,1,1,1,1,28,0.965517241
Fri,May,1,0.636238426,2020,Lump-sum,4,1,Test_m4_ul1.0_uh1.1_i1.1_-1-1_e64.dat,1,0,Average,16214625898,8107312949,8107312949,32429251796,1175964707,2584928244,2814454673,1531965325,1175964707,2584928244,2814454673,2995220432,0,0,0,1,0,1,0,0,1,0,1,0,0,0,1,1,0,1,0,0,1,0,1,1,1,1,1,1,1,1,1,0,1,1,1,1,1,1,1,1,0,0,0,0,0,0,0,0,1,1,1,1,28,0.949288905
Fri,May,1,0.636238426,2020,Lump-sum,4,1,Test_m4_ul1.0_uh1.1_i1.1_-1-1_e65.dat,1,0,Average,16161218601,8080609300,8080609300,32322437202,1139696117,2671306196,2728978684,1540628303,1139696117,2671306196,2728978684,2995220432,0,0,0,1,0,0,0,0,1,1,1,0,0,0,0,1,1,1,0,0,1,1,0,0,1,1,1,1,1,1,1,0,1,1,1,1,1,1,1,1,0,0,0,0,0,0,0,0,1,1,1,1,28,1
Fri,May,1,0.636238426,2020,Lump-sum,4,1,Test_m4_ul1.0_uh1.1_i1.1_-1-1_e66.dat,1,0,Average,16090087069,8045043534,8045043534,32180174138,1088334643,2690059965,2789480310,1477168616,1088334643,2690059965,2789480310,2995220432,0,0,1,0,0,0,0,0,1,0,1,0,0,0,1,0,0,1,1,0,1,1,0,0,1,1,1,1,1,1,1,0,1,1,1,1,1,1,1,1,0,0,0,1,0,0,1,0,1,1,1,1,29,1
Fri,May,1,0.63625,2020,Lump-sum,4,1,Test_m4_ul1.0_uh1.1_i1.1_-1-1_e67.dat,1,0,Average,16075411819,8037705909,8037705909,32150823637,1110704604,2799696341,2629440917,1497864048,1110704604,2799696341,2629440917,2995220432,0,0,1,0,0,0,0,0,1,0,1,0,0,0,0,1,1,0,1,0,1,1,0,0,1,1,1,1,1,1,1,0,1,1,1,1,1,1,1,1,0,0,0,1,0,0,1,0,1,1,1,1,29,1
Fri,May,1,0.63625,2020,Lump-sum,4,1,Test_m4_ul1.0_uh1.1_i1.1_-1-1_e68.dat,1,0,Average,16060633372,8030316686,8030316686,32121266743,1066883554,2756978280,2760879379,1445575473,1066883554,2756978280,2760879379,2995220432,0,0,0,1,0,0,0,0,1,0,1,0,0,0,1,1,1,0,0,0,1,1,0,0,1,1,1,1,1,1,1,0,1,1,1,1,1,1,1,1,0,0,0,1,0,0,1,0,1,1,1,1,29,1
Fri,May,1,0.63625,2020,Lump-sum,4,1,Test_m4_ul1.0_uh1.1_i1.1_-1-1_e69.dat,1,0,Average,16135986531,8067993266,8067993266,32271973063,921804899.6,2948479835,2769506201,1428202330,921804899.6,2948479835,2769506201,2995220432,0,0,0,0,1,0,0,0,1,0,1,0,0,0,0,1,1,0,1,0,1,1,0,0,1,1,1,1,1,1,1,0,1,1,1,1,1,1,1,1,0,0,0,1,0,0,1,0,1,1,1,1,29,1
Fri,May,1,0.63625,2020,Lump-sum,4,1,Test_m4_ul1.0_uh1.1_i1.1_-1-1_e70.dat,1,0,Average,16086026780,8043013390,8043013390,32172053561,1126549027,2709239748,2767210849,1440013766,1126549027,2709239748,2767210849,2995220432,0,0,0,0,1,0,0,0,1,0,1,0,0,0,1,1,0,0,1,0,1,1,0,0,1,1,1,1,1,1,1,0,1,1,1,1,1,1,1,1,0,0,0,1,0,0,1,0,1,1,1,1,29,1
Fri,May,1,0.63625,2020,Lump-sum,4,1,Test_m4_ul1.0_uh1.1_i1.1_-1-1_e71.dat,1,0,Average,16083346395,8041673197,8041673197,32166692790,935901281.4,2899306654,2729647520,1476817743,935901281.4,2899306654,2729647520,2995220432,0,0,0,1,0,0,0,0,1,0,1,0,0,0,1,1,0,1,0,0,1,1,0,0,1,1,1,1,1,1,1,0,1,1,1,1,1,1,1,1,0,0,0,1,0,0,1,0,1,1,1,1,27,0.947514249
Fri,May,1,0.63625,2020,Lump-sum,4,1,Test_m4_ul1.0_uh1.1_i1.1_-1-1_e72.dat,1,0,Average,16114547223,8057273612,8057273612,32229094447,1129399276,2722120827,2761831655,1443921853,1129399276,2722120827,2761831655,2995220432,0,0,1,0,0,0,0,0,1,0,1,0,0,0,1,1,1,0,0,0,1,1,0,0,1,1,1,1,1,1,1,0,1,1,1,1,1,1,1,1,0,0,0,1,0,0,1,0,1,1,1,1,29,1
Fri,May,1,0.63625,2020,Lump-sum,4,1,Test_m4_ul1.0_uh1.1_i1.1_-1-1_e73.dat,1,0,Average,16139643541,8069821771,8069821771,32279287083,918125591.9,2883359924,2794145184,1474191070,918125591.9,2883359924,2794145184,2995220432,0,0,0,0,1,0,0,0,1,0,1,0,0,0,1,1,0,1,0,0,1,1,0,0,1,1,1,1,1,1,1,0,1,1,1,1,1,1,1,1,0,0,0,1,0,0,1,0,1,1,1,1,29,1
Fri,May,1,0.63625,2020,Lump-sum,4,1,Test_m4_ul1.0_uh1.1_i1.1_-1-1_e74.dat,1,0,Average,16046940463,8023470231,8023470231,32093880926,1146328942,2696509816,2703585993,1477045479,1146328942,2696509816,2703585993,2995220432,0,0,0,1,0,0,0,0,1,0,1,0,0,0,1,1,0,1,0,0,1,1,0,0,1,1,1,1,1,1,1,0,1,1,1,1,1,1,1,1,0,0,0,1,0,0,1,0,1,1,1,1,28,0.965517241
Fri,May,1,0.63625,2020,Lump-sum,4,1,Test_m4_ul1.0_uh1.1_i1.1_-1-1_e75.dat,1,0,Average,16044975379,8022487690,8022487690,32089950759,925788159.8,2949839466,2696852464,1450007599,925788159.8,2949839466,2696852464,2995220432,0,0,0,0,1,0,0,0,1,0,1,0,0,0,0,0,1,1,1,0,1,1,0,0,1,1,1,1,1,1,1,0,1,1,1,1,1,1,1,1,0,0,0,1,0,0,1,0,1,1,1,1,29,1
Fri,May,1,0.63625,2020,Lump-sum,4,1,Test_m4_ul1.0_uh1.1_i1.1_-1-1_e76.dat,1,0,Average,16243376088,8121688044,8121688044,32486752176,1007988113,2834972662,2721813797,1556913472,1007988113,2834972662,2721813797,2995220432,0,0,0,1,0,0,0,0,1,0,1,0,0,0,1,1,1,0,0,0,1,1,0,0,1,1,1,1,1,1,1,0,1,1,1,1,1,1,1,1,0,0,0,1,0,0,1,0,1,1,1,1,29,1
Fri,May,1,0.63625,2020,Lump-sum,4,1,Test_m4_ul1.0_uh1.1_i1.1_-1-1_e77.dat,1,0,Average,16154939454,8077469727,8077469727,32309878907,1063832796,2783282408,2740084618,1490269905,1063832796,2783282408,2740084618,2995220432,0,0,0,0,1,0,0,0,1,0,1,0,0,0,0,1,1,0,1,1,1,0,1,0,1,1,1,1,1,1,1,0,1,1,1,1,1,1,1,1,0,0,0,1,0,0,1,0,1,1,1,1,30,1
Fri,May,1,0.63625,2020,Lump-sum,4,1,Test_m4_ul1.0_uh1.1_i1.1_-1-1_e78.dat,1,0,Average,16124485845,8062242922,8062242922,32248971689,1195115580,2635774825,2742897742,1488454775,1195115580,2635774825,2742897742,2995220432,0,0,1,0,0,1,0,0,1,0,1,0,0,0,0,1,0,1,1,0,1,1,0,0,1,1,1,1,1,1,1,0,1,1,1,1,1,1,1,1,0,0,0,0,0,0,0,0,1,1,1,1,28,1
Fri,May,1,0.63625,2020,Lump-sum,4,1,Test_m4_ul1.0_uh1.1_i1.1_-1-1_e79.dat,1,0,Average,16289934052,8144967026,8144967026,32579868103,1045262043,2814495549,2708872297,1576337136,1045262043,2814495549,2708872297,2995220432,0,0,0,1,0,0,0,0,1,0,1,0,0,0,0,1,1,0,1,0,1,1,0,0,1,1,1,1,1,1,1,0,1,1,1,1,1,1,1,1,0,0,0,1,0,0,1,0,1,1,1,1,29,1
Fri,May,1,0.63625,2020,Lump-sum,4,1,Test_m4_ul1.0_uh1.1_i1.1_-1-1_e80.dat,1,0,Average,16188011611,8094005806,8094005806,32376023222,1161042190,2654705915,2758035936,1520221765,1161042190,2654705915,2758035936,2995220432,0,0,0,0,1,0,0,0,1,0,1,0,0,0,0,0,1,1,1,0,1,1,0,0,1,1,1,1,1,1,1,0,1,1,1,1,1,1,1,1,0,0,0,1,0,0,1,0,1,1,1,1,29,1
Fri,May,1,0.63625,2020,Lump-sum,4,1,Test_m4_ul1.0_uh1.1_i1.1_-1-1_e81.dat,1,0,Average,16044669861,8022334931,8022334931,32089339722,1185065577,2604152264,2741466654,1491650436,1185065577,2604152264,2741466654,2995220432,0,0,0,0,1,0,0,0,1,0,1,0,0,0,0,1,1,1,0,0,1,1,0,0,1,1,1,1,1,1,1,0,1,1,1,1,1,1,1,1,0,0,0,1,0,0,1,0,1,1,1,1,29,1
Fri,May,1,0.63625,2020,Lump-sum,4,1,Test_m4_ul1.0_uh1.1_i1.1_-1-1_e82.dat,1,0,Average,16321162764,8160581382,8160581382,32642325527,970131607.4,2887748475,2766404095,1536297205,970131607.4,2887748475,2766404095,2995220432,0,0,0,1,0,0,0,0,1,0,1,0,0,0,1,0,1,0,1,0,1,1,0,0,1,1,1,1,1,1,1,0,1,1,1,1,1,1,1,1,0,0,0,1,0,0,1,0,1,1,1,1,29,1
Fri,May,1,0.63625,2020,Lump-sum,4,1,Test_m4_ul1.0_uh1.1_i1.1_-1-1_e83.dat,1,0,Average,16206235854,8103117927,8103117927,32412471708,1131043235,2720376847,2723000300,1528697545,1131043235,2720376847,2723000300,2995220432,0,0,0,0,1,0,0,0,1,0,1,0,0,0,0,1,0,1,1,0,1,1,0,0,1,1,1,1,1,1,1,0,1,1,1,1,1,1,1,1,0,0,0,1,0,0,1,0,1,1,1,1,29,1
Fri,May,1,0.63625,2020,Lump-sum,4,1,Test_m4_ul1.0_uh1.1_i1.1_-1-1_e84.dat,1,0,Average,16337763711,8168881856,8168881856,32675527422,981987401.3,2893618056,2722820299,1570456099,981987401.3,2893618056,2722820299,2995220432,0,0,0,0,1,0,0,0,1,0,1,0,0,0,0,1,1,1,0,0,1,1,0,0,1,1,1,1,1,1,1,0,1,1,1,1,1,1,1,1,0,0,0,1,0,0,1,0,1,1,1,1,28,0.949288905
Fri,May,1,0.63625,2020,Lump-sum,4,1,Test_m4_ul1.0_uh1.1_i1.1_-1-1_e85.dat,1,0,Average,16296389545,8148194773,8148194773,32592779091,982637980.9,2861469003,2752025568,1552062221,982637980.9,2861469003,2752025568,2995220432,0,0,0,0,1,0,0,0,1,0,1,0,0,0,0,1,1,0,1,0,1,1,0,0,1,1,1,1,1,1,1,0,1,1,1,1,1,1,1,1,0,0,0,1,0,0,1,0,1,1,1,1,29,1
Fri,May,1,0.63625,2020,Lump-sum,4,1,Test_m4_ul1.0_uh1.1_i1.1_-1-1_e86.dat,1,0,Average,16256378835,8128189417,8128189417,32512757669,1110793990,2689623278,2814732772,1513039377,1110793990,2689623278,2814732772,2995220432,0,0,0,1,0,0,0,0,1,1,0,1,0,0,0,0,1,1,1,0,0,1,1,1,1,1,1,1,1,1,1,0,1,1,1,1,1,1,1,1,0,0,0,1,0,0,0,0,1,1,1,1,30,1
Fri,May,1,0.63625,2020,Lump-sum,4,1,Test_m4_ul1.0_uh1.1_i1.1_-1-1_e87.dat,1,0,Average,16172450850,8086225425,8086225425,32344901699,949294871,2881383191,2693028989,1562518374,949294871,2881383191,2693028989,2995220432,0,0,0,0,1,0,0,0,1,0,1,0,0,0,1,1,0,1,0,0,1,0,1,1,1,1,1,1,1,1,1,0,1,1,1,1,1,1,1,1,0,0,0,1,0,0,1,0,1,1,1,1,29,0.966666667
Fri,May,1,0.63625,2020,Lump-sum,4,1,Test_m4_ul1.0_uh1.1_i1.1_-1-1_e88.dat,1,0,Average,16352836479,8176418239,8176418239,32705672958,1028770678,2812394085,2747757167,1587496309,1028770678,2812394085,2747757167,2995220432,0,0,1,0,0,0,0,0,1,0,1,1,0,0,0,1,0,1,1,0,1,1,0,0,1,1,1,1,1,1,1,0,1,1,1,1,1,1,1,1,0,0,0,0,0,0,0,0,1,1,1,1,25,0.877328008
Fri,May,1,0.63625,2020,Lump-sum,4,1,Test_m4_ul1.0_uh1.1_i1.1_-1-1_e89.dat,1,0,Average,16170761884,8085380942,8085380942,32341523768,1185392897,2683248035,2700630041,1516109969,1185392897,2683248035,2700630041,2995220432,0,0,0,1,0,0,0,0,1,0,1,0,0,0,0,1,1,0,1,1,0,1,1,0,1,1,1,1,1,1,1,0,1,1,1,1,1,1,1,1,0,0,0,1,0,0,1,0,1,1,1,1,30,1
Fri,May,1,0.63625,2020,Lump-sum,4,1,Test_m4_ul1.0_uh1.1_i1.1_-1-1_e90.dat,1,0,Average,16039436385,8019718193,8019718193,32078872771,1117950246,2686411896,2738722006,1476634044,1117950246,2686411896,2738722006,2995220432,0,0,0,1,0,1,0,0,1,0,1,0,0,0,0,1,1,1,0,0,1,1,0,0,1,1,1,1,1,1,1,0,1,1,1,1,1,1,1,1,0,0,0,0,0,0,0,0,1,1,1,1,27,0.964285714
Fri,May,1,0.63625,2020,Lump-sum,4,1,Test_m4_ul1.0_uh1.1_i1.1_-1-1_e91.dat,1,0,Average,16073138016,8036569008,8036569008,32146276033,1081319513,2709177552,2704252988,1541818955,1081319513,2709177552,2704252988,2995220432,0,0,0,0,1,0,0,0,1,0,1,0,0,0,1,1,0,1,0,0,1,1,0,0,1,1,1,1,1,1,1,0,1,1,1,1,1,1,1,1,0,0,0,1,0,0,1,0,1,1,1,1,29,1
Fri,May,1,0.63625,2020,Lump-sum,4,1,Test_m4_ul1.0_uh1.1_i1.1_-1-1_e92.dat,1,0,Average,15914752929,7957376464,7957376464,31829505858,1102508802,2680251204,2691378147,1483238311,1102508802,2680251204,2691378147,2995220432,0,0,0,1,0,0,0,0,1,1,1,0,0,0,0,1,1,1,0,0,1,1,0,0,1,1,1,1,1,1,1,0,1,1,1,1,1,1,1,1,0,0,0,0,0,0,0,0,1,1,1,1,27,0.964285714
Fri,May,1,0.636261574,2020,Lump-sum,4,1,Test_m4_ul1.0_uh1.1_i1.1_-1-1_e93.dat,1,0,Average,15921103566,7960551783,7960551783,31842207132,941483436.9,2953595292,2634843942,1430629113,941483436.9,2953595292,2634843942,2995220432,0,0,1,0,0,0,0,0,1,0,1,0,0,0,0,1,1,0,1,0,1,1,0,0,1,1,1,1,1,1,1,0,1,1,1,1,1,1,1,1,0,0,0,1,0,0,1,0,1,1,1,1,28,0.965517241
Fri,May,1,0.636261574,2020,Lump-sum,4,1,Test_m4_ul1.0_uh1.1_i1.1_-1-1_e94.dat,1,0,Average,16094617517,8047308759,8047308759,32189235034,966252993.6,2861465246,2749979744,1469610774,966252993.6,2861465246,2749979744,2995220432,0,0,0,1,0,0,0,0,1,0,1,0,0,0,1,0,1,0,1,0,1,1,0,0,1,1,1,1,1,1,1,0,1,1,1,1,1,1,1,1,0,0,0,1,0,0,1,0,1,1,1,1,29,1
Fri,May,1,0.636261574,2020,Lump-sum,4,1,Test_m4_ul1.0_uh1.1_i1.1_-1-1_e95.dat,1,0,Average,16018844459,8009422230,8009422230,32037688919,1165891096,2649661731,2757531265,1436338137,1165891096,2649661731,2757531265,2995220432,0,0,0,1,0,0,0,0,1,0,1,1,0,0,0,1,0,1,1,0,1,1,0,0,1,1,1,1,1,1,1,0,1,1,1,1,1,1,1,1,0,0,0,0,0,0,0,0,1,1,1,1,28,1
Fri,May,1,0.636261574,2020,Lump-sum,4,1,Test_m4_ul1.0_uh1.1_i1.1_-1-1_e96.dat,1,0,Average,16124694650,8062347325,8062347325,32249389299,1140637596,2665392935,2749452862,1506863932,1140637596,2665392935,2749452862,2995220432,0,0,1,0,0,0,0,0,1,0,1,1,0,0,0,1,1,0,1,0,1,0,1,1,1,1,1,1,1,1,1,0,1,1,1,1,1,1,1,1,0,0,0,0,0,0,0,0,1,1,1,1,29,1
Fri,May,1,0.636261574,2020,Lump-sum,4,1,Test_m4_ul1.0_uh1.1_i1.1_-1-1_e97.dat,1,0,Average,16246366177,8123183088,8123183088,32492732353,1211780861,2641017121,2735461003,1534924102,1211780861,2641017121,2735461003,2995220432,0,0,0,1,0,0,0,0,1,0,1,0,0,0,1,1,0,1,0,0,1,1,0,0,1,1,1,1,1,1,1,0,1,1,1,1,1,1,1,1,0,0,0,1,0,0,1,0,1,1,1,1,29,1
Fri,May,1,0.636261574,2020,Lump-sum,4,1,Test_m4_ul1.0_uh1.1_i1.1_-1-1_e98.dat,1,0,Average,16286337499,8143168750,8143168750,32572674998,1118333185,2738451348,2777867238,1508516979,1118333185,2738451348,2777867238,2995220432,0,0,0,0,1,0,0,0,1,0,1,0,0,0,1,0,1,0,1,0,1,1,0,0,1,1,1,1,1,1,1,0,1,1,1,1,1,1,1,1,0,0,0,1,0,0,1,0,1,1,1,1,29,1
Fri,May,1,0.636261574,2020,Lump-sum,4,1,Test_m4_ul1.0_uh1.1_i1.1_-1-1_e99.dat,1,0,Average,16283972853,8141986426,8141986426,32567945706,1081574173,2803084602,2748511080,1508816571,1081574173,2803084602,2748511080,2995220432,0,0,0,0,1,0,0,0,1,0,1,0,0,0,1,1,0,0,1,0,1,1,0,0,1,1,1,1,1,1,1,0,1,1,1,1,1,1,1,1,0,0,0,1,0,0,1,0,1,1,1,1,29,1
Fri,May,1,0.636261574,2020,Lump-sum,4,1,Test_m4_ul1.0_uh1.1_i1.1_-1-1_e100.dat,1,0,Average,16016048021,8008024011,8008024011,32032096043,1013552903,2827784721,2696213456,1470472931,1013552903,2827784721,2696213456,2995220432,0,0,0,0,1,0,0,0,1,0,1,0,0,0,0,1,1,1,0,0,1,1,0,0,1,1,1,1,1,1,1,0,1,1,1,1,1,1,1,1,0,0,0,1,0,0,1,0,1,1,1,1,29,1
